Id_Oficio_Asignacion,Numero_Asignacion,Numero_Oficio_Asignacion,Fecha_Oficio_Asignacion,Id_Contratista,Id_Supervisor_Externo,Id_Supervisor_Interno,Observaciones_Generales,Tipo_Obra_Proyecto,Id_Modalidad,Id_Coordinador,Area
1,DGOP/0001/CONT/2018,DGOP/0001/CONT/2018,Feb 26 2018 12:00AM,654,447,21,,Proyecto,1,NULL,NULL
4,DGOP/0029/CONT/2018,DGOP/0029/CONT/2018,Apr  4 2018 12:00AM,529,,21,,Proyecto,1,NULL,NULL
5,DGOP/0520/CONT/2017,DGOP/0520/CONT/2017,Nov  5 2017 12:00AM,621,,21,,Obra,1,55,Construcción
7,DGOP/0004/OBRA/2018,DGOP/0004/OBRA/2018,Feb 26 2018 12:00AM,326,309,58,,Obra,3,54,Construcción
9,DGOP/0005/OBRA/2018,DGOP/0005/OBRA/2018,Feb 26 2018 12:00AM,724,,68,,Obra,1,NULL,NULL
10,DGOP/0006/OBRA/2018,DGOP/0006/OBRA/2018,Feb 26 2018 12:00AM,457,,68,,Obra,1,NULL,NULL
11,DGOP/0009/CONT/2018,DGOP/0009/CONT/2018,Feb 26 2018 12:00AM,680,,18,,Obra,1,NULL,NULL
12,DGOP/0012/OBRA/2018,DGOP/0012/OBRA/2018,Mar  8 2018 12:00AM,505,,68,,Obra,1,NULL,NULL
13,DGOP/0013/OBRA/2018,DGOP/0013/OBRA/2018,Mar  8 2018 12:00AM,269,,72,,Obra,1,NULL,NULL
14,DGOP/0015/OBRA/2018,DGOP/0015/OBRA/2018,Apr 19 2018 12:00AM,294,,68,,Obra,1,NULL,NULL
15,DGOP/0017/OBRA/2018,DGOP/0017/OBRA/2018,Apr 19 2018 12:00AM,522,,69,,Obra,1,NULL,NULL
16,DGOP/0018/OBRA/2018,DGOP/0018/OBRA/2018,Mar  8 2018 12:00AM,347,,69,,Obra,1,NULL,NULL
17,DGOP/0027/CONT/2018,DGOP/0027/CONT/2018,Apr  4 2018 12:00AM,151,,21,,Proyecto,1,NULL,NULL
18,DGOP/0028/CONT/2018,DGOP/0028/CONT/2018,Apr  4 2018 12:00AM,654,,21,,Obra,1,NULL,NULL
20,DGOP/0031/CONT/2018,DGOP/0031/CONT/2018,Apr  4 2018 12:00AM,653,,75,,Proyecto,1,NULL,NULL
21,DGOP/0033/CONT/2018,DGOP/0033/CONT/2018,Apr  4 2018 12:00AM,234,,23,,Proyecto,1,55,Construcción
23,DGOP/0022/PROY/2018,DGOP/0022/PROY/2018,Mar  8 2018 12:00AM,681,,70,,Proyecto,1,NULL,NULL
24,DGOP/0049/PROY/2018,DGOP/0049/PROY/2018,Apr 16 2018 12:00AM,151,,23,,Obra,1,NULL,NULL
25,DGOP/0023/PROY/2018,DGOP/0023/PROY/2018,Mar  8 2017 12:00AM,539,,86,,Obra,1,NULL,NULL
26,DGOP/0037/PROY/2018,DGOP/0037/PROY/2018,Apr  6 2018 12:00AM,712,,76,,Proyecto,1,NULL,NULL
27,DGOP/0048/CONT/2018,DGOP/0048/CONT/2018,Apr  9 2018 12:00AM,13,742,54,,Obra,1,55,Construcción
28,DGOP/0044/CONT/2018,DGOP/0044/CONT/2018,Apr  9 2018 12:00AM,633,358,54,,Obra,1,NULL,NULL
29,DGOP/0047/CONT/2018,DGOP/0047/CONT/2018,Apr  9 2018 12:00AM,622,725,60,,Obra,1,55,Construcción
30,DGOP/0003/CONT/2018,DGOP/0003/CONT/2018,Feb 26 2018 12:00AM,326,464,56,,Obra,3,NULL,NULL
31,DGOP/0011/OBRA/2018,DGOP/0011/OBRA/2018,Mar  8 2018 12:00AM,457,,85,,Obra,1,NULL,NULL
32,DGOP/0007/OBRA/2018,DGOP/0007/OBRA/2018,Feb 26 2018 12:00AM,207,,82,,Obra,1,NULL,NULL
33,DGOP/0008/CONT/2018,DGOP/0008/CONT/2018,Feb 26 2018 12:00AM,261,,83,,Obra,1,55,Construcción
34,DGOP/0010/CONT/2018,DGOP/0010/CONT/2018,Feb 26 2018 12:00AM,646,,84,,Obra,1,84,Construcción
35,DGOP/0020/OBRA/2018,DGOP/0020/OBRA/2018,Mar  8 2018 12:00AM,275,94,59,,Obra,2,55,Construcción
36,DGOP/0021/OBRA/2018,DGOP/0021/OBRA/2018,Mar  8 2018 12:00AM,672,94,88,,Obra,2,NULL,NULL
37,DGOP/0035/CONT/2018,DGOP/0035/CONT/2018,Apr  5 2018 12:00AM,665,,87,,Obra,1,NULL,NULL
38,DGOP/0042/CONT/2018,DGOP/0042/CONT/2018,Apr  9 2018 12:00AM,578,727,88,,Obra,1,NULL,NULL
39,DGOP/0032/CONT/2018,DGOP/0032/CONT/2018,Apr  4 2018 12:00AM,542,,86,,Obra,1,NULL,NULL
40,DGOP/0034/CONT/2018,DGOP/0034/CONT/2018,Apr  5 2018 12:00AM,589,,87,,Obra,1,NULL,NULL
41,DGOP/0038/PROY/2018,DGOP/0038/PROY/2018,Apr  9 2018 12:00AM,677,,81,,Proyecto,1,NULL,NULL
42,DGOP/0711/CONT/2017,DGOP/0711/CONT/2017,Apr 26 2018 12:00AM,582,728,58,,Obra,2,53,Construcción
44,DGOP/0589/CONT/2017,DGOP/0589/CONT/2017,Nov  5 2017 12:00AM,370,,55,,Proyecto,1,83,Proyectos
45,DGOP/0002/CONT/2018,DGOP/0002/CONT/2018,Feb 26 2018 12:00AM,588,,20,,Proyecto,1,20,Proyectos
47,DGOP/0610/CONT/2017,DGOP/0610/CONT/2017,May  7 2018 12:00AM,146,464,58,,Obra,3,54,Construcción
48,DGOP/0053/PROY/2018,DGOP/0053/PROY/2018,Apr 18 2018 12:00AM,588,,20,,Proyecto,1,20,Proyectos
49,DGOP/0054/PROY/2018,DGOP/0054/PROY/2018,Apr 18 2018 12:00AM,717,,20,,Proyecto,1,20,Proyectos
50,DGOP/0055/CONT/2018,DGOP/0055/CONT/2018,Apr 18 2018 12:00AM,582,730,60,,Obra,1,57,Construcción
51,DGOP/0056/CONT/2018,DGOP/0056/CONT/2018,May  7 2018 12:00AM,289,731,56,,Obra,1,54,Construcción
52,DGOP/0057/CONT/2018,DGOP/0057/CONT/2018,May  7 2018 12:00AM,649,,60,,Obra,1,54,Construcción
54,DGOP/0643/CONT/2017,DGOP/0643/CONT/2017,Nov  6 2017 12:00AM,734,,80,,Obra,1,80,Mantenimiento
55,DGOP/0521/CONT/2017,DGOP/0521/CONT/2017,Nov  6 2017 12:00AM,640,,89,,Proyecto,1,89,Proyectos
57,DGOP/0059/CONT/2018,DGOP/0059/CONT/2018,Apr 17 2018 12:00AM,700,735,58,,Obra,1,54,Construcción
58,DGOP/0070/CONT/2018,DGOP/0070/CONT/2018,Apr 22 2018 12:00AM,700,736,57,,Obra,1,57,Construcción
59,DGOP/0710/CONT/2017,DGOP/0710/CONT/2017,May 18 2018 12:00AM,737,,56,,Obra,1,61,Construcción
60,DGOP/0550/CONT/2017,DGOP/0550/CONT/2017,Nov  5 2017 12:00AM,680,,20,,Proyecto,1,20,Proyectos
61,DGOP/0523/CONT/2017,DGOP/0523/CONT/2017,Nov  5 2017 12:00AM,680,,83,,Proyecto,1,83,Proyectos
62,DGOP/0524/CONT/2017,DGOP/0524/CONT/2017,Nov  5 2017 12:00AM,356,,20,,Proyecto,1,20,Proyectos
63,DGOP/0531/CONT/2017,DGOP/0531/CONT/2017,Nov  5 2017 12:00AM,343,,87,,Proyecto,1,87,Proyectos
64,DGOP/CONT/0050/2018,DGOP/CONT/0050/2018,Apr 17 2016 12:00AM,680,,89,,Proyecto,1,89,Proyectos
65,DGOP/0051/CONT/2018,DGOP/0051/CONT/2018,Apr 17 2018 12:00AM,640,,89,,Proyecto,1,89,Proyectos
66,DGOP/0052/CONT/2018,DGOP/0052/CONT/2018,Apr 17 2018 12:00AM,640,,89,,Proyecto,1,89,Proyectos
68,DGOP/0060/CONT/2018,DGOP/0060/CONT/2018,Apr 18 2018 12:00AM,302,,72,,Proyecto,1,72,Proyectos
69,DGOP/0061/CONT/2018,DGOP/0061/CONT/2018,Apr 21 2018 12:00AM,42,,59,,Proyecto,1,54,Proyectos
71,DGOP/0063/CONT/2018,DGOP/0063/CONT/2018,Apr 21 2018 12:00AM,584,,80,,Obra,1,80,Construcción
72,DGOP/0064/CONT/2018,DGOP/0064/CONT/2018,Apr 21 2018 12:00AM,55,,80,,Obra,1,80,Construcción
74,DGOP/0066/CONT/2018,DGOP/0066/CONT/2018,Apr 22 2018 12:00AM,636,,80,,Obra,1,80,Construcción
75,DGOP/0067/CONT/2018,DGOP/0067/CONT/2018,Apr 22 2018 12:00AM,522,,80,,Obra,1,80,Construcción
76,DGOP/0633/CONT/2017,DGOP/0633/CONT/2017,May 21 2018 12:00AM,689,,23,,Proyecto,1,23,Proyectos
77,DGOP/CONT/0072/2018,DGOP/CONT/0072/2018,Apr 22 2018 12:00AM,364,,68,,Obra,1,68,Construcción
78,DGOP/0073/CONT/2017,DGOP/0073/CONT/2017,Apr 23 2018 12:00AM,167,,81,,Proyecto,1,81,Proyectos
79,DGOP/522/CONT/2017,DGOP/522/CONT/2017,Nov  5 2017 12:00AM,103,,20,,Proyecto,1,20,Proyectos
80,DGOP/0710/CONT/2017,DGOP/0710/CONT/2017,May 29 2018 12:00AM,531,737,56,,Obra,2,61,Construcción
81,dgop/0712/CONT/2017,dgop/0712/CONT/2017,May 30 2018 12:00AM,74,271,69,,Obra,2,69,Construcción
82,DGOP/0043/CONT/2018,DGOP/0043/CONT/2018,May 30 2018 12:00AM,738,739,56,,Obra,1,54,Construcción
83,DGOP/0045/CONT/2018,DGOP/0045/CONT/2018,May 30 2018 12:00AM,8,,56,,Obra,1,54,Construcción
84,DGOP/0062/CONT/2018,DGOP/0062/CONT/2018,Apr 21 2018 12:00AM,55,,80,,Obra,1,80,Construcción
85,DGOP/0058/CONT/2018,DGOP/0058/CONT/2018,Apr 21 2018 12:00AM,733,,60,,Obra,1,54,Construcción
86,DGOP/0040/CONT/2018,DGOP/0040/CONT/2018,Apr  9 2018 12:00AM,714,151,56,,Obra,1,54,Construcción
87,DGOP/0075/CONT/2018,DGOP/0075/CONT/2018,Apr 24 2018 12:00AM,593,,60,,Obra,1,57,Construcción
88,D/012/2018,D/012/2018,Jun  7 2018 12:00AM,741,,79,,Obra,3,79,Construcción
89,D/010/2018,D/010/2018,Jun  7 2018 12:00AM,127,,68,,Obra,3,68,Construcción
90,DGOP/0030/CONT/2018,DGOP/0030/CONT/2018,Apr  4 2018 12:00AM,677,,81,,Obra,1,81,Construcción
91,D/002-I/2018,D/002-I/2018,Jun  7 2018 12:00AM,166,415,72,,Obra,2,72,Construcción
92,DGOP/0024/2018,DGOP/0024/2018,Apr 24 2018 12:00AM,166,415,72,,Obra,1,72,Construcción
93,DGOP/0041/CONT/2018,DGOP/0041/CONT/2018,Apr  9 2018 12:00AM,42,727,59,,Obra,1,54,Construcción
94,DGOP/0065/CONT/2018,DGOP/0065/CONT/2018,Apr 21 2018 12:00AM,27,,80,,Obra,1,80,Construcción
95,DGOP/0068/CONT/2018,DGOP/0068/CONT/2018,Apr 22 2018 12:00AM,669,358,88,,Obra,1,62,Construcción
96,DGOP/0069/CONT/2018,DGOP/0069/CONT/2018,Apr 22 2018 12:00AM,365,358,88,,Obra,1,62,Construcción
97,DGOP/0071/CONT/2018,DGOP/0071/CONT/2018,Apr 22 2018 12:00AM,364,,68,,Obra,1,68,Construcción
98,DGOP/0074/CONT/2018,DGOP/0074/CONT/2018,Jun 11 2018 12:00AM,494,737,53,,Obra,3,56,Construcción
100,D/013/2018,D/013/2018,May 14 2018 12:00AM,438,,92,,Obra,3,92,Construcción
102,D/001-I/2018,D/001-I/2018,Jun 12 2018 12:00AM,15,726,56,,Obra,2,61,Construcción
104,DGOP/0524/PROY/2017,DGOP/0524/PROY/2017,Nov  5 2017 12:00AM,647,,20,,Obra,1,20,Proyectos
107,D/011/2018,D/011/2018,Jun 14 2018 12:00AM,457,,77,,Obra,3,77,Construcción
108,DGOP/0076/CONT/2018,DGOP/0076/CONT/2018,Apr 24 2018 12:00AM,744,653,60,,Obra,1,54,Construcción
109,DGOP/0106/CONT/2018,DGOP/0106/CONT/2018,May 15 2018 12:00AM,15,359,88,,Obra,1,54,Construcción
110,DGOP/0105/CONT/2018,DGOP/0105/CONT/2018,Jun 14 2018 12:00AM,482,87,56,,Obra,3,54,Construcción
111,DGOP/0104/CONT/20108,DGOP/0104/CONT/20108,May 15 2018 12:00AM,666,97,55,,Obra,3,54,Construcción
112,D/009/2018,D/009/2018,Jun 14 2018 12:00AM,156,415,55,,Obra,3,55,Construcción
113,DGOP/0111,DGOP/0111,May 24 2018 12:00AM,664,743,60,,Obra,3,61,Construcción
114,DGOP/CONT/0039/2018,DGOP/CONT/0039/2018,Jun 14 2018 12:00AM,237,743,88,,Obra,1,54,Construcción
115,DGOP/0046/CONT/2018,DGOP/0046/CONT/2018,Apr  9 2018 12:00AM,669,736,59,,Obra,1,54,Construcción
116,DGOP/0117/CONT/2018,DGOP/0117/CONT/2018,May 24 2018 12:00AM,539,,75,,Obra,1,75,Proyectos
117,DGOP/0100/CONT/2018,DGOP/0100/CONT/2018,May 14 2018 12:00AM,152,461,59,,Obra,2,62,Construcción
118,D/005/2018,D/005/2018,Jun  4 2018 12:00AM,418,464,55,,Obra,3,55,Construcción
119,DGOP/0099/CONT/2018,DGOP/0099/CONT/2018,May 14 2018 12:00AM,219,151,55,,Obra,3,55,Construcción
120,DGOP/0102/CONT/2018,DGOP/0102/CONT/2018,Jun 14 2018 12:00AM,366,746,88,,Obra,3,62,Construcción
121,DGOP/0089/CONT/2018,DGOP/0089/CONT/2018,May  9 2018 12:00AM,747,,73,,Obra,1,73,Construcción
122,DGOP/0090/CONT/2018,DGOP/0090/CONT/2018,May  9 2018 12:00AM,166,,73,,Obra,1,73,Construcción
123,DGOP/0091/CONT/2018,DGOP/0091/CONT/2018,May  9 2018 12:00AM,347,,73,,Obra,1,73,Construcción
124,DGOP/0088/CONT/2018,DGOP/0088/CONT/2018,May  9 2018 12:00AM,724,,78,,Obra,1,78,Construcción
125,DGOP/0108/CONT/2018,DGOP/0108/CONT/2018,May 15 2018 12:00AM,120,588,53,,Obra,1,53,Construcción
126,DGOP/0132/CONT/2018,DGOP/0132/CONT/2018,May 28 2018 12:00AM,720,,72,,Obra,1,72,Construcción
127,DGOP/0130/CONT/2018,DGOP/0130/CONT/2018,May 28 2018 12:00AM,207,,82,,Obra,1,82,Construcción
128,DGOP/0133/CONT/2018,DGOP/0133/CONT/2018,Jun 15 2018 12:00AM,505,,55,,Obra,1,55,Construcción
129,DGOP/0120/PROY/2018,DGOP/0120/PROY/2018,May 28 2018 12:00AM,529,,75,,Obra,1,75,Proyectos
130,DGOP/0119/PROY/2018,DGOP/0119/PROY/2018,May 28 2018 12:00AM,529,,75,,Obra,1,75,Proyectos
131,DGOP/0127/CONT/2018,DGOP/0127/CONT/2018,May 28 2018 12:00AM,604,748,59,,Obra,1,54,Construcción
132,DGOP/0092/CONT/2018,DGOP/0092/CONT/2018,May  9 2018 12:00AM,347,352,80,,Obra,1,80,Construcción
133,DGOP/0095/CONT/2018,DGOP/0095/CONT/2018,May 10 2018 12:00AM,493,749,80,,Obra,1,80,Construcción
134,DGOP/0093/CONT/2018,DGOP/0093/CONT/2018,May 10 2018 12:00AM,505,749,80,,Obra,1,80,Construcción
135,DGOP/0098/CONT/2018,DGOP/0098/CONT/2018,May 10 2018 12:00AM,16,30,80,,Obra,1,80,Construcción
136,DGOP/0097/CONT/2018,DGOP/0097/CONT/2018,Jun 15 2018 12:00AM,750,352,80,,Obra,1,80,Construcción
137,DGOP/0082/CONT/2018,DGOP/0082/CONT/2018,May 25 2018 12:00AM,661,613,53,,Obra,1,53,Construcción
138,DGOP/0081/CONT/2018,DGOP/0081/CONT/2018,May 25 2018 12:00AM,365,613,53,,Obra,1,53,Construcción
139,DGOP/0110/CONT/2018,DGOP/0110/CONT/2018,Jun 15 2018 12:00AM,543,751,53,,Obra,1,53,Construcción
140,DGOP/0109/CONT/2018,DGOP/0109/CONT/2018,May 15 2018 12:00AM,460,752,53,,Obra,1,53,Construcción
141,DGOP/0084/CONT/2018,DGOP/0084/CONT/2018,May  8 2018 12:00AM,709,653,53,,Obra,1,53,Construcción
142,DGOP/0123/CONT/2018,DGOP/0123/CONT/2018,May 28 2018 12:00AM,672,753,88,,Obra,1,61,Construcción
143,DGOP/0125/CONT/2018,DGOP/0125/CONT/2018,May 28 2018 12:00AM,365,754,60,,Obra,1,61,Construcción
145,DGOP/0083/CONT/2018,DGOP/0083/CONT/2018,May  8 2018 12:00AM,706,653,53,,Obra,1,53,Construcción
146,DGOP/0121/CONT/2018,DGOP/0121/CONT/2018,May 28 2018 12:00AM,237,756,56,,Obra,1,53,Construcción
147,DGOP/0122/CONT/2018,DGOP/0122/CONT/2018,May 28 2018 12:00AM,13,756,56,,Obra,1,53,Construcción
148,DGOP/0143/CONT/2018,DGOP/0143/CONT/2018,Jun  6 2018 12:00AM,666,309,55,,Obra,2,55,Construcción
149,DGOP/0113/CONT/2018,DGOP/0113/CONT/2018,Mar 24 2018 12:00AM,636,742,53,,Obra,2,53,Construcción
150,DGOP/0112/CONT/2018,DGOP/0112/CONT/2018,May 24 2018 12:00AM,505,358,56,,Obra,2,62,Construcción
151,DGOP/0094/CONT/2018,DGOP/0094/CONT/2018,May 10 2018 12:00AM,364,30,55,,Obra,1,55,Construcción
152,DGOP/0145/CONT/2018,DGOP/0145/CONT/2018,Jun  6 2018 12:00AM,365,,60,,Obra,1,62,Construcción
153,DGOP/0126/CONT/2018,DGOP/0126/CONT/2018,May 28 2018 12:00AM,363,588,60,,Obra,1,61,Construcción
154,DGOP/0129/CONT/2018,DGOP/0129/CONT/2018,May 28 2018 12:00AM,166,,67,,Obra,1,67,Construcción
155,DGOP/CONT/0131/2018,DGOP/CONT/0131/2018,May 28 2018 12:00AM,302,,72,,Obra,1,72,Construcción
156,DGOP/0096/CONT/2018,DGOP/0096/CONT/2018,May 10 2018 12:00AM,294,352,80,,Obra,1,80,Construcción
158,DGOP/0116/CONT/2018,DGOP/0116/CONT/2018,May 25 2018 12:00AM,464,,88,,Obra,1,61,Construcción
159,DGOP/0118/CONT/2018,DGOP/0118/CONT/2018,May 28 2018 12:00AM,251,,75,,Obra,1,75,Proyectos
160,DGOP/0134/CONT/2018,DGOP/0134/CONT/2018,Jun  6 2018 12:00AM,678,758,56,,Obra,1,54,Construcción
161,DGOP/0135/CONT/2018,DGOP/0135/CONT/2018,Jul  2 2018 12:00AM,718,,56,,Obra,1,54,Construcción
162,DGOP/0036/CONT/2018,DGOP/0036/CONT/2018,Apr  5 2018 12:00AM,94,,20,,Obra,1,20,Proyectos
163,DGOP/0151/CONT/2018,DGOP/0151/CONT/2018,May 10 2018 12:00AM,157,,80,,Obra,1,80,Construcción
164,DGOP/0086/CONT/2018,DGOP/0086/CONT/2018,May  8 2018 12:00AM,328,111,58,,Obra,1,53,Construcción
165,DGOP/0078/CONT/2018,DGOP/0078/CONT/2018,Apr 25 2018 12:00AM,700,759,58,,Obra,1,88,Construcción
166,DGOP/0079/CONT/2018,DGOP/0079/CONT/2018,Apr 25 2018 12:00AM,738,683,88,,Obra,1,61,Construcción
167,DGOP/0080/CONT/201/,DGOP/0080/CONT/201/,Apr 25 2018 12:00AM,279,,57,,Obra,1,61,Construcción
168,DGOP/0087/CONT/2018,DGOP/0087/CONT/2018,May  8 2018 12:00AM,42,753,59,,Obra,1,53,Construcción
169,DGOP/0128/CONT/2018,DGOP/0128/CONT/2018,May 28 2018 12:00AM,543,695,56,,Obra,1,54,Construcción
170,DGOP/0138/CONT/2018,DGOP/0138/CONT/2018,Jun  6 2018 12:00AM,531,89,58,,Obra,1,61,Construcción
171,DGOP/0107/CONT/2018,DGOP/0107/CONT/2018,May 15 2018 12:00AM,364,695,59,,Obra,1,54,Construcción
172,DGOP/0136/CONT/2018,DGOP/0136/CONT/2018,Jun  6 2018 12:00AM,514,529,53,,Obra,1,53,Construcción
173,DGOP/0137/CONT/2018,DGOP/0137/CONT/2018,Jun  6 2018 12:00AM,512,729,56,,Obra,1,62,Construcción
174,DGOP/0139/CONT/2018,DGOP/0139/CONT/2018,Jun  6 2018 12:00AM,604,89,88,,Obra,2,61,Construcción
175,DGOP/0140/CONT/2018,DGOP/0140/CONT/2018,Jun  6 2018 12:00AM,706,613,53,,Obra,2,53,Construcción
176,DGOP/0141/CONT/2018,DGOP/0141/CONT/2018,Jun  6 2018 12:00AM,578,739,56,,Obra,2,61,Construcción
177,DGOP/0142/CONT/2018,DGOP/0142/CONT/2018,Jun  6 2018 12:00AM,622,112,56,,Obra,1,61,Construcción
178,DGOP/0144/CONT/2018,DGOP/0144/CONT/2018,Jun  6 2018 12:00AM,294,309,55,,Obra,2,55,Construcción
179,DGOP/0146/CONT/2018,DGOP/0146/CONT/2018,Jun  6 2018 12:00AM,302,729,59,,Obra,2,62,Construcción
180,DGOP/0147/CONT/2018,DGOP/0147/CONT/2018,Jun  7 2018 12:00AM,365,735,59,,Obra,2,62,Construcción
181,DGOP/0150/CONT/2018,DGOP/0150/CONT/2018,Jun  7 2018 12:00AM,514,254,88,,Obra,1,62,Construcción
183,DGOP/0153/CONT/2018,DGOP/0153/CONT/2018,Jun  7 2018 12:00AM,287,,86,,Obra,1,86,Construcción
184,DGOP/0154/CONT/2018,DGOP/0154/CONT/2018,Jun 20 2018 12:00AM,653,,86,,Obra,1,86,Construcción
185,DGOP/0155/CONT/2018,DGOP/0155/CONT/2018,Jun 20 2018 12:00AM,653,,86,,Obra,1,86,Construcción
186,DGOP/0156/CONT/2018,DGOP/0156/CONT/2018,Jul 23 2018 12:00AM,460,,58,,Obra,1,54,Construcción
187,DGOP/0157/CONT/2018,DGOP/0157/CONT/2018,Jun 20 2018 12:00AM,151,,75,,Obra,1,75,Proyectos
188,DGOP/0158/CONT/2018,DGOP/0158/CONT/2018,Jun 20 2018 12:00AM,505,,72,,Obra,1,72,Construcción
189,DGOP/0159/CONT/2018,DGOP/0159/CONT/2018,Jun 20 2018 12:00AM,514,748,53,,Obra,1,53,Construcción
190,DGOP/0160/CONT/2018,DGOP/0160/CONT/2018,Jun 20 2018 12:00AM,94,,89,,Obra,1,89,Proyectos
191,DGOP/0161/CONT/2018,DGOP/0161/CONT/2018,Jun 20 2018 12:00AM,289,696,58,,Obra,1,61,Construcción
192,DGOP/0162/CONT/2018,DGOP/0162/CONT/2018,Jun 20 2018 12:00AM,178,403,55,,Obra,1,61,Construcción
193,DGOP/0163/CONT/2018,DGOP/0163/CONT/2018,Jun 20 2018 12:00AM,612,,55,,Obra,1,55,Construcción
194,DGOP/0164/CONT/2018,DGOP/0164/CONT/2018,Jul 24 2018 12:00AM,516,403,88,,Obra,1,61,Construcción
195,DGOP/0165/CONT/2018,DGOP/0165/CONT/2018,Jun 20 2018 12:00AM,543,760,58,,Obra,1,61,Construcción
196,DGOP/0166/CONT/2018,DGOP/0166/CONT/2018,Jun 20 2018 12:00AM,661,529,53,,Obra,1,53,Construcción
197,DGOP/0167/CONT/2018,DGOP/0167/CONT/2018,Jun 20 2018 12:00AM,505,,72,,Obra,1,72,Construcción
198,DGOP/0168/CONT/2018,DGOP/0168/CONT/2018,Jun 20 2018 12:00AM,73,,80,,Obra,1,80,Construcción
199,DGOP/0169/CONT/2018,DGOP/0169/CONT/2018,Jun 20 2018 12:00AM,73,,80,,Obra,1,80,Construcción
200,DGOP/0170/CONT/2018,DGOP/0170/CONT/2018,Jun 20 2018 12:00AM,73,,80,,Obra,1,80,Construcción
201,DGOP/0171/CONT/2018,DGOP/0171/CONT/2018,Jun 20 2018 12:00AM,73,,80,,Obra,1,80,Construcción
202,DGOP/0172/CONT/2018,DGOP/0172/CONT/2018,Jun 20 2018 12:00AM,73,,80,,Obra,1,80,Construcción
203,DGOP/0173/CONT/2018,DGOP/0173/CONT/2018,Jun 20 2018 12:00AM,516,,57,,Obra,1,57,Construcción
204,DGOP/0174/CONT/2018,DGOP/0174/CONT/2018,Jun 20 2018 12:00AM,761,,55,,Obra,1,55,Construcción
205,DGOP/0175/CONT/2018,DGOP/0175/CONT/2018,Jun 20 2018 12:00AM,761,,55,,Obra,1,55,Construcción
206,DGOP/0176/CONT/2018,DGOP/0176/CONT/2018,Jun 20 2018 12:00AM,543,,55,,Obra,1,55,Construcción
207,DGOP/0177/CONT/2018,DGOP/0177/CONT/2018,Jun 20 2018 12:00AM,543,,59,,Obra,1,54,Construcción
208,DGOP/0178/CONT/2018,DGOP/0178/CONT/2018,Jul 24 2018 12:00AM,74,,69,,Obra,1,69,Construcción
209,DGOP/0179/CONT/2018,DGOP/0179/CONT/2018,Jun 20 2018 12:00AM,619,,83,,Obra,1,83,Proyectos
210,DGOP/0180/CONT/2018,DGOP/0180/CONT/2018,Jun 20 2018 12:00AM,578,682,59,,Obra,1,61,Construcción
211,DGOP/0181/CONT/2018,DGOP/0181/CONT/2018,Jun 20 2018 12:00AM,365,,88,,Obra,1,61,Construcción
212,DGOP/0182/CONT/2018,DGOP/0182/CONT/2018,Jul 24 2018 12:00AM,310,,88,,Obra,1,62,Construcción
213,DGOP/0183/CONT/2018,DGOP/0183/CONT/2018,Jul  3 2018 12:00AM,607,762,55,,Obra,1,55,Construcción
214,DGOP/0184/CONT/2018,DGOP/0184/CONT/2018,Jul  3 2018 12:00AM,456,693,59,,Obra,1,54,Construcción
215,DGOP/0185/CONT/2018,DGOP/0185/CONT/2018,Jul  3 2018 12:00AM,656,753,56,,Obra,1,61,Construcción
216,DGOP/0186/CONT/2018,DGOP/0186/CONT/2018,Jul  3 2018 12:00AM,623,676,59,,Obra,1,54,Construcción
217,DGOP/0187/CONT/2018,DGOP/0187/CONT/2018,Jul  3 2018 12:00AM,234,753,56,,Obra,1,61,Construcción
218,DGOP/0188/CONT/2018,DGOP/0188/CONT/2018,Jul  4 2018 12:00AM,763,,84,,Obra,1,84,Proyectos
220,DGOP/0190/CONT/2018,DGOP/0190/CONT/2018,Jul  4 2018 12:00AM,364,,68,,Obra,1,68,Construcción
221,DGOP/0191/CONT/20108,DGOP/0191/CONT/20108,Jul 24 2018 12:00AM,724,,68,,Obra,1,68,Construcción
222,DGOP/0192/CONT/2018,DGOP/0192/CONT/2018,Jul  3 2018 12:00AM,423,87,53,,Obra,1,53,Construcción
223,DGOP/0193/CONT/2018,DGOP/0193/CONT/2018,Jul 20 2018 12:00AM,186,,18,,Obra,1,18,Proyectos
224,DGOP/0152/CONT/2018,DGOP/0152/CONT/2018,Jun  7 2018 12:00AM,271,,87,,Obra,1,87,Proyectos
225,DGOP/0189/CONT/2018,DGOP/0189/CONT/2018,Jul  4 2018 12:00AM,648,753,56,,Obra,1,61,Construcción
226,DGOP/0148/CONT/2018,DGOP/0148/CONT/2018,Jun  7 2018 12:00AM,219,764,56,,Obra,2,53,Construcción
227,DGOP/0124/CONT/2018,DGOP/0124/CONT/2018,May 28 2018 12:00AM,614,755,60,,Obra,1,61,Construcción
228,DGOP/0194/CONT/2018,DGOP/0194/CONT/2018,Jul 20 2018 12:00AM,493,352,88,,Obra,2,62,Construcción
229,DGOP/0195/CONT/2018,DGOP/0195/CONT/2018,Jul 20 2018 12:00AM,623,743,56,,Obra,2,61,Construcción
230,DGOP/0196/CONT/2018,DGOP/0196/CONT/2018,Jul 20 2018 12:00AM,16,271,56,,Obra,2,61,Construcción
231,DGOP/0197/CONT/2018,DGOP/0197/CONT/2018,Jul 20 2018 12:00AM,543,229,58,,Obra,2,58,Construcción
232,DGOP/0198/CONT/2018,DGOP/0198/CONT/2018,Jul 20 2018 12:00AM,505,89,57,,Obra,2,57,Construcción
233,DGOP/0201/CONT/2018,DGOP/0201/CONT/2018,Jul 20 2018 12:00AM,391,735,59,,Obra,2,54,Construcción
234,DGOP/0202/CONT/2018,DGOP/0202/CONT/2018,Jul 20 2018 12:00AM,326,87,55,,Obra,2,55,Construcción
235,DGOP/0203/CONT/2018,DGOP/0203/CONT/2018,Jul 20 2018 12:00AM,512,729,56,,Obra,1,62,Construcción
236,DGOP/0204/CONT/2018,DGOP/0204/CONT/2018,Jul 27 2018 12:00AM,482,696,57,,Obra,1,57,Construcción
237,DGOP/0205/CONT/2018,DGOP/0205/CONT/2018,Aug 14 2018 12:00AM,347,765,57,,Obra,1,57,Construcción
238,DGOP/0206/CONT/2018,DGOP/0206/CONT/2018,Jul 27 2018 12:00AM,636,765,59,,Obra,1,54,Construcción
239,DGOP/0207/CONT/2018,DGOP/0207/CONT/2018,Jul 27 2018 12:00AM,55,765,88,,Obra,1,62,Construcción
240,DGOP/0208/CONT/2018,DGOP/0208/CONT/2018,Jul 27 2018 12:00AM,447,694,88,,Obra,1,62,Construcción
241,DGOP/0209/CONT/2018,DGOP/0209/CONT/2018,Jul 27 2018 12:00AM,522,694,59,,Obra,1,54,Construcción
242,DGOP/0210/CONT/2018,DGOP/0210/CONT/2018,Jul 27 2018 12:00AM,364,694,56,,Obra,1,61,Construcción
243,DGOP/0211/CONT/2018,DGOP/0211/CONT/2018,Jul 27 2018 12:00AM,294,766,56,,Obra,1,61,Construcción
244,DGOP/0212/CONT/2018,DGOP/0212/CONT/2018,Jul 27 2018 12:00AM,310,766,59,,Obra,1,54,Construcción
245,DGOP/0214/CONT/2018,DGOP/0214/CONT/2018,Jul 27 2018 12:00AM,539,,75,,Obra,1,75,Proyectos
246,DGOP/0217/CONT/2018,DGOP/0217/CONT/2018,Aug  7 2018 12:00AM,689,,23,,Proyecto,1,23,Construcción
247,DGOP/0218/PROY/2018,DGOP/0218/PROY/2018,Aug  7 2018 12:00AM,94,,89,,Obra,1,89,Proyectos
248,DGOP/0219/PROY/2018,DGOP/0219/PROY/2018,Aug  7 2018 12:00AM,86,,55,,Proyecto,1,54,Proyectos
249,DGOP/0220/PROY/2018,DGOP/0220/PROY/2018,Aug  7 2018 12:00AM,103,,55,,Proyecto,1,55,Proyectos
250,DGOP/0228/CONT/2018,DGOP/0228/CONT/2018,Aug  7 2018 12:00AM,543,754,56,,Obra,4,61,Construcción
251,DGOP/0085/CONT/2018,DGOP/0085/CONT/2018,May  8 2018 12:00AM,302,751,95,,Obra,1,56,Construcción
252,DGOP/0215/CONT/2018,DGOP/0215/CONT/2018,Jul 27 2018 12:00AM,515,229,95,,Obra,1,95,Construcción
253,F/014-I/2018,F/014-I/2018,Sep 12 2018 12:00AM,770,,57,,Obra,2,57,Construcción
255,DGOP/0240/CONT/2018,DGOP/0240/CONT/2018,Sep 17 2018 12:00AM,514,,95,,Obra,2,95,Construcción
256,DGOP/0241/CONT/2018,DGOP/0241/CONT/2018,Sep 17 2018 12:00AM,514,,95,,Obra,2,95,Construcción
257,DGOP/0242/CONT/2018,DGOP/0242/CONT/2018,Sep 17 2018 12:00AM,706,748,95,,Obra,2,95,Construcción
258,DGOP/0243/CONT/2018,DGOP/0243/CONT/2018,Sep 17 2018 12:00AM,365,748,95,,Obra,2,95,Construcción
259,DGOP/0244/CONT/2018,DGOP/0244/CONT/2018,Sep 17 2018 12:00AM,661,748,95,,Obra,2,95,Construcción
260,DGOP/0245/CONT/2018,DGOP/0245/CONT/2018,Sep 17 2018 12:00AM,514,759,95,,Obra,2,95,Construcción
261,DGOP/0254/CONT/2018,DGOP/0254/CONT/2018,Sep 17 2018 12:00AM,365,,95,,Obra,1,95,Construcción
262,DGOP/0268/CONT/2018,DGOP/0268/CONT/2018,Sep 17 2018 12:00AM,365,613,95,,Obra,2,78,Construcción
263,DGOP/0269/CONT/2018,DGOP/0269/CONT/2018,Sep 17 2018 12:00AM,709,759,95,,Obra,2,95,Construcción
264,DGOP/0270/CONT/2018,DGOP/0270/CONT/2018,Sep 17 2018 12:00AM,661,588,95,,Obra,2,95,Construcción
265,DGOP/0271/CONT/2018,DGOP/0271/CONT/2018,Sep 17 2018 12:00AM,709,588,95,,Obra,2,95,Construcción
266,DGOP/0272/CONT/2018,DGOP/0272/CONT/2018,Sep 17 2018 12:00AM,698,529,95,,Obra,2,95,Construcción
267,DGOP/0273/CONT/2018,DGOP/0273/CONT/2018,Sep 17 2018 12:00AM,698,653,95,,Obra,2,95,Construcción
268,DGOP/0216/CONT/2018,DGOP/0216/CONT/2018,Sep 17 2018 12:00AM,515,229,58,,Obra,1,95,Construcción
269,DGOP/0199/CONT/2018,DGOP/0199/CONT/2018,Sep 17 2018 12:00AM,566,774,56,,Obra,2,61,Construcción
270,DGOP/0213/CONT/2018,DGOP/0213/CONT/2018,Sep 17 2018 12:00AM,415,,55,,Obra,1,55,Construcción
271,DGOP/0221/CONT/2018,DGOP/0221/CONT/2018,Sep 17 2018 12:00AM,613,,20,,Obra,1,20,Proyectos
272,DGOP/0223/CONT/2018,DGOP/0223/CONT/2018,Sep 17 2018 12:00AM,665,,87,,Obra,1,87,Proyectos
273,DGOP/0225/PROY/2018,DGOP/0225/PROY/2018,Sep 20 2018 12:00AM,767,,87,,Obra,1,87,Proyectos
274,DGOP/0235/CONT/2018,DGOP/0235/CONT/2018,Aug 15 2018 12:00AM,364,588,60,,Obra,1,54,Construcción
275,DGOP/OBRA/0278/2018,DGOP/OBRA/0278/2018,Sep 26 2018 12:00AM,579,743,60,,Obra,1,54,Construcción
276,DGOP/0256/CONT/2018,DGOP/0256/CONT/2018,Sep 27 2018 12:00AM,768,727,56,,Obra,1,61,Construcción
277,DGOP/0286/CONT/2018,DGOP/0286/CONT/2018,Sep 28 2018 12:00AM,531,769,59,,Obra,4,61,Construcción
278,DGOP/0115/CONT/2018,DGOP/0115/CONT/2018,Sep 28 2018 12:00AM,365,529,95,,Obra,1,95,Construcción
279,DGOP/0255/CONT/2018,DGOP/0255/CONT/2018,Sep 17 2018 12:00AM,8,727,59,,Obra,1,61,Construcción
280,DGOP/0229/CONT/2018,DGOP/0229/CONT/2018,Aug 29 2018 12:00AM,604,754,56,,Obra,3,61,Construcción
281,DGOP/0285/OBRA/2018,DGOP/0285/OBRA/2018,Sep 18 2018 12:00AM,514,746,56,,Obra,1,61,Construcción
282,DGOP/0283/CONT/2018,DGOP/0283/CONT/2018,Sep 17 2018 12:00AM,505,740,59,,Obra,1,54,Construcción
283,DGOP/0280/CONT/2018,DGOP/0280/CONT/2018,Oct  2 2018 12:00AM,777,,62,,Obra,1,57,Construcción
285,DGOP/0290/CONT/2018,DGOP/0290/CONT/2018,Oct  2 2018 12:00AM,698,,95,,Obra,2,95,Construcción
286,DGOP/0290/CONT/2018,DGOP/0290/CONT/2018,Oct  2 2018 12:00AM,698,,95,,Obra,2,95,Construcción
287,DGOP/0291/CONT/2018,DGOP/0291/CONT/2018,Oct  2 2018 12:00AM,709,,95,,Obra,2,95,Construcción
288,DGOP/0292/CONT/2018,DGOP/0292/CONT/2018,Oct  2 2018 12:00AM,709,,95,,Obra,2,95,Construcción
289,DGOP/0295/CONT/2018,DGOP/0295/CONT/2018,Oct  2 2018 12:00AM,697,,56,,Obra,3,61,Construcción
290,DGOP/0239/CONT/2018,DGOP/0239/CONT/2018,Aug 24 2018 12:00AM,482,,72,,Obra,1,72,Construcción
291,DGOP/0077/CONT/2018,DGOP/0077/CONT/2018,Apr 25 2018 12:00AM,661,613,95,,Obra,1,95,Construcción
292,DGOP/0101/CONT/2018,DGOP/0101/CONT/2018,May 14 2018 12:00AM,578,613,95,,Obra,1,95,Construcción
293,DGOP/0236/PROY/2018,DGOP/0236/PROY/2018,Aug 22 2018 12:00AM,420,,20,,Proyecto,1,20,Proyectos
294,DGOP/0298/PROY/2018,DGOP/0298/PROY/2018,Oct  9 2018 12:00AM,648,,23,,Proyecto,1,23,Proyectos
295,DGOP/0299/PROY/2018,DGOP/0299/PROY/2018,Oct  9 2018 12:00AM,261,,55,,Proyecto,1,55,Proyectos
296,DGOP/0300/PROY/2018,DGOP/0300/PROY/2018,Oct  9 2018 12:00AM,639,,62,,Proyecto,1,81,Proyectos
297,DGOP/0103/CONT/2018,DGOP/0103/CONT/2018,Oct  9 2018 12:00AM,709,613,95,,Obra,1,95,Construcción
298,DGOP/0237/CONT/2018,DGOP/0237/CONT/2018,Aug 23 2018 12:00AM,505,,55,,Obra,1,55,Construcción
299,DGOP/0264/OBRA/2018,DGOP/0264/OBRA/2018,Sep  7 2018 12:00AM,294,726,55,,Obra,2,55,Construcción
300,DGOP/0251/CONT/2018,DGOP/0251/CONT/2018,Aug 24 2018 12:00AM,612,742,59,,Obra,1,54,Construcción
301,DGOP/0248/CONT/2018,DGOP/0248/CONT/2018,Oct  9 2018 12:00AM,578,751,59,,Obra,1,54,Construcción
302,DGOP/0250/CONT/2018,DGOP/0250/CONT/2018,Aug 25 2018 12:00AM,578,764,88,,Obra,1,54,Construcción
303,DGOP/0222/CONT/2018,DGOP/0222/CONT/2018,Oct  9 2018 12:00AM,774,,89,,Obra,1,89,Construcción
304,DGOP/0246/CONT/2018,DGOP/0246/CONT/2018,Aug 24 2018 12:00AM,669,764,59,,Obra,1,54,Construcción
305,DGOP/0226/PROY/2018,DGOP/0226/PROY/2018,Aug 10 2018 12:00AM,588,,20,,Proyecto,1,20,Proyectos
306,DGOP/0281/OBRA/2018,DGOP/0281/OBRA/2018,Sep 17 2018 12:00AM,473,693,96,,Obra,2,57,Construcción
307,DGOP/0247/CONT/2018,DGOP/0247/CONT/2018,Aug 24 2018 12:00AM,604,751,56,,Obra,1,54,Construcción
308,DGOP/0253/CONT/2018,DGOP/0253/CONT/2018,Aug 24 2018 12:00AM,604,751,56,,Obra,1,54,Construcción
309,DGOP/0232/PROY/2018,DGOP/0232/PROY/2018,Aug 24 2018 12:00AM,588,,20,,Obra,1,20,Construcción
310,DGOP/0301/CONT/2018,DGOP/0301/CONT/2018,Oct 10 2018 12:00AM,515,762,88,,Obra,1,95,Construcción
311,DGOP/0302/CONT/2018,DGOP/0302/CONT/2018,Oct 10 2018 12:00AM,612,756,58,,Obra,1,95,Construcción
312,DGOP/0303/CONT/2018,DGOP/0303/CONT/2018,Oct 10 2018 12:00AM,777,754,59,,Obra,1,95,Construcción
313,DGOP/0304/CONT/2018,DGOP/0304/CONT/2018,Oct 10 2018 12:00AM,8,769,60,,Obra,1,95,Construcción
314,DGOP/0305/CONT/2018,DGOP/0305/CONT/2018,Oct 10 2018 12:00AM,460,461,88,,Obra,1,95,Construcción
315,DGOP/0306/CONT/2018,DGOP/0306/CONT/2018,Oct 10 2018 12:00AM,42,731,58,,Obra,1,95,Construcción
316,DGOP/0308/CONT/2018,DGOP/0308/CONT/2018,Oct 10 2018 12:00AM,669,762,59,,Obra,1,95,Construcción
317,DGOP/0309/CONT/2018,DGOP/0309/CONT/2018,Oct 10 2018 12:00AM,777,754,60,,Obra,1,95,Construcción
318,DGOP/0310/CONT/2018,DGOP/0310/CONT/2018,Oct 10 2018 12:00AM,547,771,60,,Obra,1,95,Construcción
319,DGOP/0311/CONT/2018,DGOP/0311/CONT/2018,Oct 10 2018 12:00AM,633,762,56,,Obra,1,95,Construcción
320,DGOP/0313/CONT/2018,DGOP/0313/CONT/2018,Oct 10 2018 12:00AM,649,769,56,,Obra,1,95,Construcción
321,DGOP/0314/CONT/2018,DGOP/0314/CONT/2018,Oct 10 2018 12:00AM,120,731,88,,Obra,1,95,Construcción
322,DGOP/0315/CONT/2018,DGOP/0315/CONT/2018,Oct 10 2018 12:00AM,629,756,59,,Obra,1,95,Construcción
323,DGOP/0316/CONT/2018,DGOP/0316/CONT/2018,Oct 10 2018 12:00AM,19,742,58,,Obra,1,95,Construcción
324,DGOP/307/CONT/2018,DGOP/307/CONT/2018,Oct 10 2018 12:00AM,543,771,59,,Obra,1,95,Construcción
325,DGOP/0312/CONT/2018,DGOP/0312/CONT/2018,Oct 10 2018 12:00AM,465,772,58,,Obra,1,95,Construcción
326,DGOP/0224/PROY/2018,DGOP/0224/PROY/2018,Aug 10 2018 12:00AM,642,,87,,Proyecto,1,87,Proyectos
327,DGOP/0227/PROY/2018,DGOP/0227/PROY/2018,Aug 10 2018 12:00AM,680,,20,,Proyecto,1,20,Proyectos
328,DGOP/0252/CONT/2018,DGOP/0252/CONT/2018,Sep 10 2018 12:00AM,55,696,55,,Obra,1,55,Construcción
329,DGOP/0263/CONT/2018,DGOP/0263/CONT/2018,Sep  7 2018 12:00AM,659,30,56,,Obra,1,61,Construcción
330,DGOP/0238/CONT/2018,DGOP/0238/CONT/2018,Aug 24 2018 12:00AM,234,,56,,Obra,1,61,Mantenimiento
331,DGOP/0266/CONT/2018,DGOP/0266/CONT/2018,Sep  7 2018 12:00AM,720,775,60,,Obra,1,57,Construcción
332,DGOP/0230/CONT/2018,DGOP/0230/CONT/2018,Aug 15 2018 12:00AM,261,,83,,Obra,1,83,Construcción
333,DGOP/0297/CONT/2018,DGOP/0297/CONT/2018,Sep 17 2018 12:00AM,636,589,88,,Obra,2,81,Construcción
334,DGOP/0293/CONT/2018,DGOP/0293/CONT/2018,Sep 17 2018 12:00AM,698,653,95,,Obra,2,95,Construcción
335,DGOP/0261/CONT/2018,DGOP/0261/CONT/2018,Sep  7 2018 12:00AM,700,676,83,,Obra,2,54,Construcción
336,DGOP/0249/CONT/2018,DGOP/0249/CONT/2018,Aug 24 2018 12:00AM,645,725,58,,Obra,1,54,Construcción
338,DGOP/0296/CONT/2018,DGOP/0296/CONT/2018,Sep 17 2018 12:00AM,482,271,59,,Obra,2,54,Construcción
339,DGOP/0277/CONT/2018,DGOP/0277/CONT/2018,Sep  7 2018 12:00AM,303,728,56,,Obra,2,61,Construcción
340,DGOP/0276/CONT/2018,DGOP/0276/CONT/2018,Sep 17 2018 12:00AM,16,728,56,,Obra,2,61,Construcción
341,DGOP/0257/CONT/2018,DGOP/0257/CONT/2018,Aug 31 2018 12:00AM,234,,86,,Proyecto,1,86,Proyectos
342,DGOP/0294/CONT/2018,DGOP/0294/CONT/2018,Oct 24 2018 12:00AM,669,776,59,,Obra,2,61,Construcción
343,DGOP/0233/CONT/2018,DGOP/0233/CONT/2018,Aug 15 2018 12:00AM,639,,75,,Proyecto,1,75,Proyectos
344,DGOP/0317/CONT/2018,DGOP/0317/CONT/2018,Oct 15 2018 12:00AM,768,727,56,,Obra,1,61,Construcción
345,DGOP/0231/PROY/2018,DGOP/0231/PROY/2018,Aug 15 2018 12:00AM,343,,83,,Proyecto,1,83,Proyectos
346,DGOP/0234/OBRA/2018,DGOP/0234/OBRA/2018,Aug 15 2018 12:00AM,391,87,59,,Obra,1,54,Construcción
347,DGOP/0260/PROY/2018,DGOP/0260/PROY/2018,Oct 30 2018 12:00AM,545,,84,,Proyecto,1,84,Proyectos
348,DGOP/0274/OBRA/2018,DGOP/0274/OBRA/2018,Oct 31 2018 12:00AM,326,778,88,,Obra,3,61,Construcción
349,DGOP/0275/OBRA/2018,DGOP/0275/OBRA/2018,Oct 31 2018 12:00AM,622,730,56,,Obra,2,61,Construcción
350,DGOP/0346/OBRA/2018,DGOP/0346/OBRA/2018,Oct 31 2018 12:00AM,16,613,60,,Obra,3,54,Construcción
352,DGOP/0288/PROY/2018,DGOP/0288/PROY/2018,Nov  1 2018 12:00AM,779,,18,,Proyecto,1,18,Proyectos
353,DGOP/0280/CONT/2018,DGOP/0280/CONT/2018,Sep 10 2018 12:00AM,777,,62,,Obra,1,57,Construcción
354,DGOP/0287/CONT/2018,DGOP/0287/CONT/2018,Sep 17 2018 12:00AM,294,,82,,Obra,1,82,Construcción
355,DGOP/0358/CONT/2018,DGOP/0358/CONT/2018,Nov  7 2018 12:00AM,365,,62,,Obra,1,62,Construcción
356,DGOP/0358/CONT/2018,DGOP/0358/CONT/2018,Nov  9 2018 12:00AM,364,,55,,Obra,1,55,Construcción
357,DGOP/0282/CONT/2018,DGOP/0282/CONT/2018,Sep 17 2018 12:00AM,512,746,56,,Obra,1,61,Construcción
358,DGOP/0284/CONT/2018,DGOP/0284/CONT/2018,Sep 17 2018 12:00AM,8,112,96,,Obra,4,61,Construcción
359,DGOP/0318/CONT/2018,DGOP/0318/CONT/2018,Oct 16 2018 12:00AM,750,,80,,Obra,1,80,Construcción
360,DGOP/0319/PROY/2018,DGOP/0319/PROY/2018,Oct 16 2018 12:00AM,773,,81,,Obra,1,81,Proyectos
361,DGOP/0320/PROY/2018,DGOP/0320/PROY/2018,Oct 16 2018 12:00AM,773,,75,,Proyecto,1,75,Proyectos
362,DGOP/0321/CONT/2018,DGOP/0321/CONT/2018,Oct 16 2018 12:00AM,724,,55,,Obra,1,55,Construcción
363,DGOP/0322/OBRA/2018,DGOP/0322/OBRA/2018,Oct 16 2018 12:00AM,724,,92,,Obra,1,92,Construcción
364,DGOP/0323/OBRA/2018 ,DGOP/0323/OBRA/2018 ,Oct 16 2018 12:00AM,457,,55,,Obra,1,55,Construcción
365,DGOP/0324/OBRA/2018 ,DGOP/0324/OBRA/2018 ,Oct 17 2018 12:00AM,686,,55,,Obra,1,55,Construcción
366,DGOP/0325/OBRA/2018 ,DGOP/0325/OBRA/2018 ,Oct 17 2018 12:00AM,780,,55,,Obra,1,55,Construcción
367,DGOP/0326/OBRA/2018,DGOP/0326/OBRA/2018,Oct 17 2018 12:00AM,781,,55,,Obra,1,55,Construcción
368,DGOP/0327/OBRA/2018,DGOP/0327/OBRA/2018,Nov  9 2018 12:00AM,347,,73,,Obra,1,73,Construcción
369,DGOP/0328/PROY/2018,DGOP/0328/PROY/2018,Oct 18 2018 12:00AM,790,,81,,Proyecto,1,81,Proyectos
370,DGOP/0329/CONT/2019,DGOP/0329/CONT/2019,Oct 18 2018 12:00AM,593,403,56,,Obra,1,61,Construcción
371,DGOP/0330/CONT/2018,DGOP/0330/CONT/2018,Oct 19 2018 12:00AM,276,683,56,,Obra,1,61,Construcción
372,DGOP/0331/CONT/2018,DGOP/0331/CONT/2018,Oct 18 2018 12:00AM,636,,80,,Obra,1,80,Construcción
373,DGOP/0332/CONT/2018,DGOP/0332/CONT/2018,Oct 19 2018 12:00AM,747,,73,,Obra,1,73,Construcción
374,GDOP/0334/CONT/2018,GDOP/0334/CONT/2018,Oct 18 2018 12:00AM,456,,73,,Obra,1,73,Construcción
375,DGOP/0335/CONT/2018,DGOP/0335/CONT/2018,Oct 25 2018 12:00AM,363,759,56,,Obra,1,95,Construcción
376,DGOP/0336/PROY/2018,DGOP/0336/PROY/2018,Oct 25 2018 12:00AM,261,,83,,Proyecto,1,83,Proyectos
377,DGOP/0337/CONT/2018,DGOP/0337/CONT/2018,Oct 25 2018 12:00AM,343,,83,,Obra,1,83,Construcción
378,DGOP/0338/PROY/2018,DGOP/0338/PROY/2018,Oct 25 2018 12:00AM,639,,75,,Proyecto,1,75,Proyectos
379,DGOP/0339/CONT/2018,DGOP/0339/CONT/2018,Oct 25 2018 12:00AM,505,,80,,Obra,1,80,Construcción
380,DGOP/0340/CONT/2018,DGOP/0340/CONT/2018,Oct 25 2018 12:00AM,26,,55,,Obra,1,55,Construcción
381,DGOP/0341/CONT/2018,DGOP/0341/CONT/2018,Oct 25 2018 12:00AM,612,755,60,,Obra,1,54,Construcción
382,DGOP/0343/CONT/2018,DGOP/0343/CONT/2018,Oct 25 2018 12:00AM,669,,55,,Obra,1,55,Construcción
383,DGOP/0344/CONT/2018,DGOP/0344/CONT/2018,Oct 25 2018 12:00AM,371,,84,,Obra,1,84,Construcción
384,DGOP/0345/OBRA/2018,DGOP/0345/OBRA/2018,Oct 25 2018 12:00AM,782,89,56,,Obra,3,61,Construcción
385,DGOP/0333/OBRA/2018 ,DGOP/0333/OBRA/2018 ,Oct 25 2018 12:00AM,686,,55,,Obra,1,55,Construcción
386,DGOP/0353/CONT/2018,DGOP/0353/CONT/2018,Oct 25 2018 12:00AM,365,529,95,,Obra,1,95,Construcción
388,DGOP/0357/CONT/2018,DGOP/0357/CONT/2018,Nov 15 2018 12:00AM,364,,72,,Obra,1,72,Construcción
389,DGOP/0358/CONT/2018   ,DGOP/0358/CONT/2018   ,Nov  5 2018 12:00AM,365,,62,,Obra,1,62,Construcción
390,DGOP/0349/CONT/2018,DGOP/0349/CONT/2018,Nov  5 2018 12:00AM,783,,57,,Obra,1,57,Construcción
391,DGOP/0360/CONT/2018,DGOP/0360/CONT/2018,Nov  5 2018 12:00AM,733,732,56,,Obra,1,54,Construcción
392,DGOP/0371/PROY/2018,DGOP/0371/PROY/2018,Nov  5 2018 12:00AM,646,,20,,Proyecto,1,20,Proyectos
393,DGOP/0369/CONT/2018,DGOP/0369/CONT/2018,Nov 15 2018 12:00AM,724,,68,,Obra,1,68,Construcción
394,DGOP/0359/CONT/2018,DGOP/0359/CONT/2018,Nov 15 2018 12:00AM,750,,80,,Obra,1,80,Construcción
395,DGOP/0348/CONT/2018,DGOP/0348/CONT/2018,Nov 15 2018 12:00AM,438,730,88,,Obra,1,62,Construcción
396,DGOP/0361/CONT/2018,DGOP/0361/CONT/2018,Nov 12 2018 12:00AM,669,732,59,,Obra,1,54,Construcción
397,DGOP/0363/CONT/2018,DGOP/0363/CONT/2018,Nov 12 2018 12:00AM,365,771,88,,Obra,1,54,Construcción
398,DGOP/0354/CONT/2018,DGOP/0354/CONT/2018,Nov 12 2018 12:00AM,365,529,95,,Obra,1,95,Construcción
399,DGOP/0351/CONT/2018,DGOP/0351/CONT/2018,Nov 12 2018 12:00AM,661,,55,,Obra,1,55,Construcción
400,DGOP/0350/CONT/2018,DGOP/0350/CONT/2018,Nov 16 2018 12:00AM,661,,95,,Obra,1,95,Construcción
401,DGOP/0362/CONT/2018,DGOP/0362/CONT/2018,Nov 12 2018 12:00AM,364,771,58,,Obra,1,54,Construcción
402,DGOP/0265/OBRA/2018,DGOP/0265/OBRA/2018,Sep  7 2018 12:00AM,522,309,55,,Obra,1,55,Construcción
403,DGOP/0347/CONT/2018,DGOP/0347/CONT/2018,Oct 25 2018 12:00AM,275,106,56,,Obra,1,61,Construcción
404,DGOP/0267/CONT/2018,DGOP/0267/CONT/2018,Nov 16 2018 12:00AM,622,729,58,,Obra,1,61,Construcción
405,DGOP/0374/CONT/2018,DGOP/0374/CONT/2018,Oct 29 2018 12:00AM,120,616,70,,Obra,3,70,Construcción
406,DGOP/0366/CONT/2018,DGOP/0366/CONT/2018,Nov 20 2018 12:00AM,67,271,56,,Obra,3,61,Construcción
407,DGOP/0373/PROY/2018,DGOP/0373/PROY/2018,Nov 20 2018 12:00AM,773,,21,,Proyecto,1,21,Proyectos
408,DGOP/0368/CONT/2018,DGOP/0368/CONT/2018,Nov 15 2018 12:00AM,457,,96,,Obra,1,96,Construcción
409,DGOP/0365/CONT/2018,DGOP/0365/CONT/2018,Nov 15 2018 12:00AM,583,464,88,,Obra,1,54,Construcción
410,DGOP/0279/CONT/2018,DGOP/0279/CONT/2018,Nov 26 2018 12:00AM,616,,55,,Obra,1,55,Construcción
411,DGOP/0375/CONT/2018,DGOP/0375/CONT/2018,Nov 26 2018 12:00AM,516,760,59,,Obra,1,54,Construcción
412,DGOP/0367/CONT/2018,DGOP/0367/CONT/2018,Nov 19 2018 12:00AM,364,762,58,,Obra,1,95,Construcción
413,DGOP/0381/CONTRATO/2018,DGOP/0381/CONTRATO/2018,Nov 28 2018 12:00AM,247,,55,,Obra,1,70,Mantenimiento
414,DGOP/0376/CONT/2018,DGOP/0376/CONT/2018,Nov 28 2018 12:00AM,16,,55,,Obra,1,80,Construcción
415,DGOP/0377/CONT/2018,DGOP/0377/CONT/2018,Nov 28 2018 12:00AM,16,,55,,Obra,1,55,Construcción
416,DGOP/0378/CONT/2018,DGOP/0378/CONT/2018,Nov 28 2018 12:00AM,347,,55,,Obra,1,55,Construcción
417,DGOP/0379/CONT/2018,DGOP/0379/CONT/2018,Nov 28 2018 12:00AM,576,,55,,Obra,1,55,Construcción
418,DGOP/0262/PROY/2018,DGOP/0262/PROY/2018,Sep  7 2018 12:00AM,688,,89,,Proyecto,1,89,Proyectos
419,DGOP/0384/CONT/2018,DGOP/0384/CONT/2018,Nov 29 2018 12:00AM,636,,55,,Obra,1,55,Construcción
420,DGOP/0385/CONT/2018,DGOP/0385/CONT/2018,Nov 29 2018 12:00AM,636,,55,,Obra,1,55,Construcción
421,DGOP/0383/CONT/2018,DGOP/0383/CONT/2018,Nov 29 2018 12:00AM,55,,55,,Obra,1,55,Construcción
422,DGOP/0380/CONT/2018,DGOP/0380/CONT/2018,Nov 29 2018 12:00AM,74,,55,,Obra,1,55,Construcción
423,DGOP/0374/CONT/2018,DGOP/0374/CONT/2018,Nov 29 2018 12:00AM,616,,70,,Obra,1,70,Construcción
424,DGOP/0382/CONT/2018,DGOP/0382/CONT/2018,Dec  3 2018 12:00AM,785,,55,,Obra,1,55,Construcción
425,DGOP/0382/CONT/2018,DGOP/0382/CONT/2018,Dec  3 2018 12:00AM,617,,55,,Obra,1,55,Construcción
426,DGOP/0383/CONT/2018,DGOP/0383/CONT/2018,Dec  3 2018 12:00AM,55,,55,,Obra,1,55,Construcción
427,DGOP/0386/CONT/2018,DGOP/0386/CONT/2018,Dec  5 2018 12:00AM,505,726,56,,Obra,1,61,Construcción
428,DGOP/0387/CONT/2018,DGOP/0387/CONT/2018,Dec  5 2018 12:00AM,347,,72,,Obra,1,72,Construcción
429,DGOP/0388/CONT/2018,DGOP/0388/CONT/2018,Dec  5 2018 12:00AM,703,,55,,Obra,1,55,Construcción
430,DGOP/0389/CONT/2018,DGOP/0389/CONT/2018,Dec  5 2018 12:00AM,787,,70,,Obra,1,70,Construcción
431,DGOP/0390/CONT/2018,DGOP/0390/CONT/2018,Dec  5 2018 12:00AM,703,,70,,Obra,1,70,Construcción
432,DGOP/0391/CONT/2018,DGOP/0391/CONT/2018,Dec  5 2018 12:00AM,364,,72,,Obra,1,72,Construcción
433,DGOP/0392/CONT/2018,DGOP/0392/CONT/2018,Dec  5 2018 12:00AM,166,,72,,Obra,1,72,Construcción
434,DGOP/0393/CONT/2018,DGOP/0393/CONT/2018,Dec  5 2018 12:00AM,724,,68,,Obra,1,68,Construcción
435,DGOP/0394/CONT/2018,DGOP/0394/CONT/2018,Dec  5 2018 12:00AM,780,,79,,Obra,1,79,Construcción
436,DGOP/0395/CONT/2018,DGOP/0395/CONT/2018,Dec  5 2018 12:00AM,347,,72,,Obra,1,72,Construcción
437,DGOP/0396/CONT/2018,DGOP/0396/CONT/2018,Dec  5 2018 12:00AM,768,752,60,,Obra,1,57,Construcción
438,DGOP/0372/OBRA/2018,DGOP/0372/OBRA/2018,Dec  5 2018 12:00AM,347,,55,,Obra,1,72,Mantenimiento
439,DGOP/0397/CONT/2018,DGOP/0397/CONT/2018,Dec  6 2018 12:00AM,604,,56,,Obra,1,54,Construcción
440,DGOP/0370/CONT/20148,DGOP/0370/CONT/20148,Nov 29 2018 12:00AM,166,,55,,Obra,1,72,Construcción
442,DGOP/0397/CONT/2018,DGOP/0397/CONT/2018,Dec 10 2018 12:00AM,604,683,56,,Obra,1,54,Construcción
443,DGOP/0407/PROY/2018,DGOP/0407/PROY/2018,Dec 10 2018 12:00AM,539,,55,,Proyecto,1,75,Proyectos
444,DGOP/0356/CONT/2018,DGOP/0356/CONT/2018,Dec 11 2018 12:00AM,698,653,95,,Obra,1,95,Construcción
445,DGOP/0355/CONT/2018,DGOP/0355/CONT/2018,Dec 11 2018 12:00AM,698,588,95,,Obra,1,95,Construcción
446,DGOP/0406/CONT/2018,DGOP/0406/CONT/2018,Dec 11 2018 12:00AM,151,,55,,Obra,1,75,Proyectos
447,DGOP/0408/PROY/2018,DGOP/0408/PROY/2018,Dec 11 2018 12:00AM,234,,55,,Proyecto,1,21,Proyectos
448,DGOP/0409/PROY/2018,DGOP/0409/PROY/2018,Dec 11 2018 12:00AM,151,,55,,Proyecto,1,81,Proyectos
449,DGOP/0410/PROY/2018,DGOP/0410/PROY/2018,Dec 11 2018 12:00AM,392,,55,,Obra,1,23,Proyectos
450,DGOP/0411/PROY/2018,DGOP/0411/PROY/2018,Dec 11 2018 12:00AM,234,,55,,Proyecto,1,81,Proyectos
451,DGOP/0412/PROY/2018,DGOP/0412/PROY/2018,Dec 11 2018 12:00AM,87,,55,,Proyecto,1,87,Proyectos
452,DGOP/0413/PROY/2018,DGOP/0413/PROY/2018,Dec 11 2018 12:00AM,640,,55,,Obra,1,89,Construcción
453,DGOP/0414/PROY/2018,DGOP/0414/PROY/2018,Dec 11 2018 12:00AM,261,,55,,Obra,1,83,Proyectos
454,DGOP/0415/PROY/2018,DGOP/0415/PROY/2018,Dec 11 2018 12:00AM,786,,55,,Obra,1,76,Proyectos
455,DGOP/0416/CONT/2018,DGOP/0416/CONT/2018,Dec 11 2018 12:00AM,543,,55,,Obra,1,79,Construcción
456,DGOP/0417/CONT/2018,DGOP/0417/CONT/2018,Dec 11 2018 12:00AM,789,,55,,Obra,1,55,Construcción
457,DGOP/0418/PROY/2018,DGOP/0418/PROY/2018,Dec 13 2018 12:00AM,641,,55,,Obra,1,20,Proyectos
458,DGOP/0419/PROY/2018,DGOP/0419/PROY/2018,Dec 13 2018 12:00AM,630,,55,,Proyecto,1,21,Proyectos
460,DGOP/0420/CONT/2018,DGOP/0420/CONT/2018,Dec 13 2018 12:00AM,616,,60,,Obra,1,62,Construcción
461,DGOP/0401/CONT/2018,DGOP/0401/CONT/2018,Dec 13 2018 12:00AM,648,753,55,,Obra,2,61,Construcción
462,DGOP/0400/CONT/2018,DGOP/0400/CONT/2018,Dec 13 2018 12:00AM,234,,55,,Obra,1,55,Construcción
463,DGOP/0405/CONT/2018,DGOP/0405/CONT/2018,Dec 13 2018 12:00AM,516,309,55,,Obra,1,55,Construcción
464,DGOP/0422/CONT/2018,DGOP/0422/CONT/2018,Dec 14 2018 12:00AM,543,,55,,Obra,1,55,Construcción
465,DGOP/0421/CONT/2018,DGOP/0421/CONT/2018,Dec 14 2018 12:00AM,234,,55,,Obra,1,55,Construcción
466,DGOP/0423/CONT/2018,DGOP/0423/CONT/2018,Dec 17 2018 12:00AM,543,,59,,Obra,1,62,Construcción
467,DGOP/0424/CONT/2018,DGOP/0424/CONT/2018,Dec 17 2018 12:00AM,55,,55,,Obra,1,55,Construcción
468,DGOP/0425/CONT/2018,DGOP/0425/CONT/2018,Dec 17 2018 12:00AM,16,,55,,Obra,1,55,Construcción
469,DGOP/0429/CONT/2018,DGOP/0429/CONT/2018,Dec 18 2018 12:00AM,547,756,56,,Obra,1,61,Construcción
470,DGOP/0430/CONT/2018,DGOP/0430/CONT/2018,Dec 18 2018 12:00AM,26,,55,,Obra,1,70,Construcción
471,DGOP/0431/CONT/2018,DGOP/0431/CONT/2018,Dec 18 2018 12:00AM,364,,55,,Obra,1,72,Construcción
472,DGOP/0432/CONT/2018,DGOP/0432/CONT/2018,Dec 18 2018 12:00AM,616,,55,,Obra,1,55,Construcción
473,DGOP/0433/CONT/2018,DGOP/0433/CONT/2018,Dec 18 2018 12:00AM,365,759,55,,Obra,1,55,Construcción
474,DGOP/0434/CONT/2018,DGOP/0434/CONT/2018,Dec 18 2018 12:00AM,556,,55,,Obra,1,55,Construcción
475,DGOP/0435/CONT/2018,DGOP/0435/CONT/2018,Dec 18 2018 12:00AM,271,,55,,Obra,1,85,Construcción
476,DGOP/0432/CONT/2018,DGOP/0432/CONT/2018,Dec 18 2018 12:00AM,616,,55,,Obra,1,55,Construcción
477,DGOP/0437/CONT/2018,DGOP/0437/CONT/2018,Dec 19 2018 12:00AM,166,,55,,Obra,1,55,Construcción
478,DGOP/0438/CONT/2018,DGOP/0438/CONT/2018,Dec 19 2018 12:00AM,576,,55,,Obra,1,55,Construcción
480,DGOP/0440/CONT/2018,DGOP/0440/CONT/2018,Dec 19 2018 12:00AM,505,,55,,Obra,1,55,Construcción
481,DGOP/0441/CONT/2018,DGOP/0441/CONT/2018,Dec 19 2018 12:00AM,543,,55,,Obra,1,55,Construcción
482,DGOP/0443/CONT/2018,DGOP/0443/CONT/2018,Dec 19 2018 12:00AM,157,,55,,Obra,1,55,Construcción
483,DGOP/0426/CONT/2018,DGOP/0426/CONT/2018,Dec 20 2018 12:00AM,788,,59,,Obra,1,61,Construcción
484,DGOP/0427/CONT/2018,DGOP/0427/CONT/2018,Dec 20 2018 12:00AM,482,594,56,,Obra,2,61,Construcción
485,DGOP/0428/CONT/2018,DGOP/0428/CONT/2018,Dec 20 2018 12:00AM,638,729,59,,Obra,2,62,Construcción
486,DGOP/0442/PROY/2018,DGOP/0442/PROY/2018,Dec 20 2018 12:00AM,716,,55,,Obra,1,86,Proyectos
487,DGOP/0444/CONT/2018,DGOP/0444/CONT/2018,Dec 20 2018 12:00AM,365,529,55,,Obra,2,55,Construcción
488,DGOP/0446/CONT/2018,DGOP/0446/CONT/2018,Dec 20 2018 12:00AM,784,,55,,Obra,1,55,Construcción
489,DGOP/0419/PROY/2018,DGOP/0419/PROY/2018,Dec 20 2018 12:00AM,529,,55,,Proyecto,1,21,Proyectos
490,DGOP/0445/CONT/2018,DGOP/0445/CONT/2018,Dec 21 2018 12:00AM,516,758,55,,Obra,2,61,Construcción
491,DGOP/0444/CONT/2018,DGOP/0444/CONT/2018,Dec 21 2018 12:00AM,365,529,58,,Obra,2,54,Construcción
492,DGOP/0398/CONT/2018,DGOP/0398/CONT/2018,Dec 21 2018 12:00AM,514,359,55,,Obra,2,96,Construcción
493,DGOP/0416/CONT/2018,DGOP/0416/CONT/2018,Dec 21 2018 12:00AM,543,,55,,Obra,1,55,Construcción
494,DGOP/0403/OBRA/2018,DGOP/0403/OBRA/2018,Dec 14 2018 12:00AM,226,766,88,,Obra,3,54,Construcción
495,DGOP/0289/PROY/2018,DGOP/0289/PROY/2018,Jan 23 2019 12:00AM,294,,55,,Obra,1,84,Proyectos
496,DGOP/0364/OBRA/2018,DGOP/0364/OBRA/2018,Jan 23 2019 12:00AM,74,,56,,Obra,1,61,Construcción
497,DGOP/0447/OBRA/2018,DGOP/0447/OBRA/2018,Jan 23 2019 12:00AM,531,735,59,,Obra,1,54,Construcción
498,DGOP/0404/OBRA/2018,DGOP/0404/OBRA/2018,Dec 18 2018 12:00AM,326,464,58,,Obra,1,54,Construcción
499,DGOP/0399/OBRA/2018,DGOP/0399/OBRA/2018,Nov 29 2018 12:00AM,152,87,88,,Obra,3,54,Construcción
500,DGOP/0352/CONT/2018,DGOP/0352/CONT/2018,Jan 25 2019 12:00AM,514,,55,,Obra,1,95,Construcción
501,ESCALATORIA: G-2510-804-61401-D/0018/2018-ESC,ESCALATORIA: G-2510-804-61401-D/0018/2018-ESC,Jan 28 2019 12:00AM,74,,,Este Oficio se Crea Automáticamente por el registro de la Escalatoria referente al Número de Contrato Descrito,Obra,2,,Construcción
502,ESCALATORIA: G-2610-847-62201-E/0003/2018-ESC,ESCALATORIA: G-2610-847-62201-E/0003/2018-ESC,Jan 29 2019 12:00AM,531,,,Este Oficio se Crea Automáticamente por el registro de la Escalatoria referente al Número de Contrato Descrito,Obra,2,,Construcción
503,ESCALATORIA: G-5011-K100110-62201-E/0088/2018-ESC,ESCALATORIA: G-5011-K100110-62201-E/0088/2018-ESC,Jan 29 2019 12:00AM,578,727,88,Este Oficio se Crea Automáticamente por el registro de la Escalatoria referente al Número de Contrato Descrito,Obra,1,,Construcción
504,DGOP/0436/OBRA/2018,DGOP/0436/OBRA/2018,Feb  5 2019 12:00AM,623,247,58,,Obra,2,54,Construcción
