Id_Presupuesto,Id_Obra,Nombre,Tipo_Presupuesto,Id_Modalidad,Fecha_Adjudicacion,Id_Presupuesto_Pertenece,Clave,Numero_Ampliacion
1,2,A-2510-405-2461-E/0001/2012  SUMINISTRO E INSTALACION DE EQUIPOS DE TELEGESTION EN EQUIPOS AHORRADORES DE ENERGIA EN EL MUNICIPIO DE LEON,ORIGINAL,1,17/01/2012 00:00,,0,0
2,3,A-2510-304-6121-D/0002/2012  PAVIMENTACION DE LA CALLE CANTERA TRAMO: CERDE¥A A CIMA COL. PARQUE MANZANARES,ORIGINAL,1,30/01/2012 00:00,,0,0
3,4,A-2510-304-6121-D/0003/2012  PAVIMENTACION DE LA CALLE GRANITO TRAMO: CERDE¥A DE MANZANARES A VALLE DE MANZANARES COL. PARQUE MANZANARES,ORIGINAL,1,30/01/2012 00:00,,0,0
4,4,AMPLIACION 1,AMPLIACION,1,30/01/2012 00:00,3,1,1
5,5,H-2510-900-6111-D/0004/2012  VIALIDADES LATERALES CRUCE A NIVEL Y ADECUACION DE SERVICIOS DE LA INTERSECCION DE LA C.F. 45 CON EL BLVD. ANTONIO MADRAZO,ORIGINAL,1,27/01/2012 00:00,,0,0
6,5,AMPLIACION 1,AMPLIACION,1,27/01/2012 00:00,5,1,1
7,5,AMPLIACION 2,AMPLIACION,1,27/01/2012 00:00,5,2,2
9,6,"G-5012-814-6211-E/0005/2012  CONSTRUCCION DEL QUINTO CENTRO MULTIDICIPLINARIO PARA LA ATENCION INTEGRAL DE LA VIOLENCIA EN LEON, GUANAJUATO (2DA. ETAPA)",ORIGINAL,1,30/01/2012 00:00,,0,0
10,6,AMPLIACION 1,AMPLIACION,1,30/01/2012 00:00,9,1,1
11,7,H-2510-920-6221-E/0006/2012  PROYECTO DEL MUSEO DE LAS IDENTIDADES LEONESAS,ORIGINAL,1,30/01/2012 00:00,,0,0
12,8,"B-5051-236-7121-H/0007/2012  PROYECTO EJECUTIVO DE PAVIMENTACION DE LAS CALLES: CERRO DE LOS ANGELES TRAMO: DE CERRO DEL CUBO A CERRO DE LOS MILAGROS; CASTILLO CHICO TRAMO: DE CASTILLOS DE ABAJO A MALECON DE BUCEFALO; Y CASTILLO DE MOCTEZUMA TRAMO: DE CASTILLOS DE ABAJO A MALECON DE BUCEFALO, COL. ARBOLEDAS DE LOS CASTILLOS II",ORIGINAL,1,30/01/2012 00:00,,0,0
13,9,"B-5051-236-7121-H/0008/2012  PROYECTO EJECUTIVO DE PAVIMENTACION DE LAS CALLES: MADRE ROSARIO TRAMO: DE MADRE MARINA A MADRE SIERRA; CALLE MADRE SIERRA TRAMO: MADRE TERESA A MADRE ROSA; CALLE MADRE LIDIA DE MADRE TIERRA A CERRO DEL SOYATE; Y MADRE ROSARIO DE MADRE SIERRA A MADRE PATRICIA, COL. 10 DE MAYO",ORIGINAL,1,30/01/2012 00:00,,0,0
14,1,B-5051-236-7121-H/0009/2012  PROYECTO EJECUTIVO DE PAVIMENTACION DE LAS CALLES: ANDADOR LOGRO¥O TRAMO: DE MURCIA A MALAGA COL. SAN JUAN BOSCO; Y CALLE JOSE MANUEL SOMERA TRAMO: DE BLVD. MARIANO ESCOBEDO A CEFERINO ORTIZ; COL. LEON II,ORIGINAL,1,30/01/2012 00:00,,0,0
15,10,B-5051-236-7121-H/0010/2012  PROYECTO EJECUTIVO DE PAVIMENTACION DE LAS CALLES: LOMAS DE LA PLAZA TRAMO: DE LOMAS DE LAS PETUNIAS A TOPAR COL. LOMAS DE MEDINA; Y CALLE PRIVADA APOSTOL TRAMO: DE MARMOLEJO A TOPAR COL. RINCONADA DE SAN PEDRO,ORIGINAL,1,30/01/2012 00:00,,0,0
16,10,AMPLIACION 1,AMPLIACION,1,30/01/2012 00:00,15,1,1
17,11,A-2510-302-6121-E/0011/2012  REHABILITACION DE INSTALACION ELECTRICA E IMPERMEABILIZACION EN LA ESCUELA HERMENEGILDO GALEANA EN LA COL. CASA BLANCA,ORIGINAL,1,31/01/2012 00:00,,0,0
18,12,B-5051-236-7121-H/0012/2012  PROYECTO EJECUTIVO DE PAVIMENTACION DE LA CALLE: SAN JOSE DEL REFUGIO TRAMO: SAN JOSE DE LA CRUZ A SAN JOSE DE ACATEMPAN COL. SAN JOSE DEL REFUGIO,ORIGINAL,1,31/01/2012 00:00,,0,0
19,13,A-2510-328-6712-D/0013/2012  TRABAJOS DE PINTURA EN REJAS Y POSTES DE PROTECCION CICLOVIA EN BLVD. JUAN ALONSO DE TORRES TRAMO: BLVD MORELOS A BLVD MANUEL LOPEZ SANABRIA LEON,ORIGINAL,1,31/01/2012 00:00,,0,0
20,14,A-2510-328-6712-D/0014/2012  REHABILITACION DE CICLOVIA EN BLDV. JUAN ALONSO DE TORRES TRAMO: DE BLVD. INSURGENTES A BLVD. JOSE MARIA MORELOS LEON,ORIGINAL,1,31/01/2012 00:00,,0,0
21,15,A-2510-304-6121-D/0015/2012  PAVIMENTACION DE LA CALLE MIGUEL T. BARRON TRAMO: DE CALLE ENRIQUE ARANDA A CALLE ANTONIO HERNANDEZ ORNELAS COL. LEON I,ORIGINAL,1,31/01/2012 00:00,,0,0
22,16,"H-2510-900-6111-D/0016/2012  VIALIDADES LATERALES, CRUCE A NIVEL Y ADECUACION DE SERVICIOS DE LA INTERSECCION DE LA C.F. 45 CON EL BLVD. JUAN ALONSO DE TORRES",ORIGINAL,1,02/02/2012 00:00,,0,0
23,16,AMPLIACION 1,AMPLIACION,1,02/02/2012 00:00,22,1,1
24,17,A-2510-300-6111-E/0017/2012  REFORZAMIENTO ESTRUCTURAL A BASE DE ESTRUCTURA METALICA EN SOTANO PLAZA CATEDRAL LEON,ORIGINAL,1,02/02/2012 00:00,,0,0
25,17,AMPLIACION 1,AMPLIACION,1,02/02/2012 00:00,24,1,1
26,18,A-5018-333-6221-E/0018/2012  EDIFICIO PLAZA CATEDRAL ( 842 M2 DE CONSTRUCCION PARCIAL EXISTENTE) LEON,ORIGINAL,1,09/02/2012 00:00,,0,0
27,20,A-2510-304-6121-D/0019/2012  PAVIMENTACION DE LA CALLE MELOCOTON TRAMO: DE BLVD. CEREZA A CALLE AGUACATE COL. LAS MANDARINAS,ORIGINAL,1,13/02/2012 00:00,,0,0
28,20,AMPLIACION 1,AMPLIACION,1,13/02/2012 00:00,27,1,1
29,27,A-2110-314-6141-H/0020/2012  PROYECTO EJECUTIVO RUTA DEL PEATON 27 DE SEPTIEMBRE PLAZA DEL MUSICO TRAMO 1: 27 DE SEPTIEMBRE A LOPEZ MATEOS; TRAMO 2: LOPEZ MATEOS A PLAZA DEL MUSICO; TRAMO 3: PLAZA CAMELIA A JULIAN DE OBREGON; FRACC. PARQUE HIDALGO,ORIGINAL,1,14/02/2012 00:00,,0,0
30,27,AMPLIACION 1,AMPLIACION,1,14/02/2012 00:00,29,1,1
31,29,A-2510-321-6141-D/0021/2012  CONSTRUCCION DE BANQUETAS EN LA CALLE PRINCIPAL TRAMO: CALLE OMEGA A TOPAR CON PAVIMENTO EXISTENTE COL. SAN JOSE EL ALTO,ORIGINAL,1,14/02/2012 00:00,,0,0
32,21,A-2510-315-6141-D/0022/2012  DEMOLICION DE LOSAS Y CONSTRUCCION DE NUEVA CUBIERTA EN 2 AULAS ADOSADAS ESC. PRIMARIA JOSE MA. MORELOS Y PAVON COL. LAS JOYAS,ORIGINAL,1,15/02/2012 00:00,,0,0
33,22,A-2510-323-6141-H/0023/2012  TRABAJOS COMPLEMENTARIOS PARA PROYECTO EJECUTIVO PUENTE CENTRAL (2) EN BLVD. JOSE MARIA MORELOS INTERSECCION BLVD. HERMENEGILDO BUSTOS (10+650) LEON,ORIGINAL,1,15/02/2012 00:00,,0,0
34,23,"A-2510-323-6141-H/0024/2012  PROYECTO TRABAJOS COMPLEMENTARIOS PARA PROYECTO GEOMETRICO, ESTUDIOS TOPOGRAFICOS Y FICHAS DE AFECTACION DEL BLVD. MIGUEL DE CERVANTES SAAVEDRA TRAMO: DE BLVD. JUAN JOSE TORRES LANDA A BLVD. HERMANOS ALDAMA",ORIGINAL,1,15/02/2012 00:00,,0,0
35,24,A-2510-321-6141-D/0025/2012  PAVIMENTACION DE LA CALLE LAURO VILLEGAS TRAMO: DE JOSEFINA CAMARENA A CEFERINO ORTIZ COL. LEON II,ORIGINAL,1,15/02/2012 00:00,,0,0
36,19,A-2510-323-6141-H/0026/2012  ADECUACION DEL PROYECTO EJECUTIVO DEL CAMINO COMANJA DE CORONA JALISCO A HACIENDA ARRIBA ( SAN JOSE DE LA CONCEPCION) LEON,ORIGINAL,1,15/02/2012 00:00,,0,0
37,25,"A-2510-303-6151-E/0027/2012  CONSTRUCCION DE FIRME, MODULO DE BA¥OS Y COCINA POR REPOSICION DE CONSTRUCCION EXISTENTE DE ACUERDO A CONVENIO REALIZADO EN LA CLAUSULA QUINTA PARRAFO UNO DE LA DIR. AFECTACIONES SECRETARIA DEL H. AYUNTAMIENTO BLVD. DELTA TRAMO: DE LA LUZ A OLIMPICA",ORIGINAL,1,15/02/2012 00:00,,0,0
38,26,C-1810-603-6131-D/0028/2012  CONSTRUCCION DE AGUA POTABLE Y ALCANTARILLADO EN LA COMUNIDAD LA RESERVA LEON,ORIGINAL,1,15/02/2012 00:00,,0,0
39,30,"A-2510-322-6141-D/0029/2012  SEMAFORIZACION DE GLORIETA PANORAMA, LEON",ORIGINAL,1,16/02/2012 00:00,,0,0
40,30,AMPLIACION 1,AMPLIACION,1,16/02/2012 00:00,39,1,1
41,31,"A-2110-314-6141-D/0030/2012  INSTALACION DE SEMAFOROS COLONIALES EN LAS INTERSECCIONES QUE CONFORMAN ALVARO OBREGON Y 20 DE ENERO, ALVARO OBREGON E HIDALGO Y ALVARO OBREGON Y 5 DE MAYO CENTRO",ORIGINAL,1,20/02/2012 00:00,,0,0
42,32,A-2510-304-6121-D/0031/2012  PAVIMENTACION DE LA CALLE AND. CRUZ DEL SUR TRAMO: DE URUAPAN A TOPAR (ANTARES) COL. POPULAR ANAYA,ORIGINAL,1,20/02/2012 00:00,,0,0
43,28,A-2510-304-6121-D/0032/2012  PAVIMENTACION DE LA CALLE MERCURIO TRAMO: DE JUPITER A RIQUEL COL. POPULAR ANAYA,ORIGINAL,1,20/02/2012 00:00,,0,0
44,33,A-2510-323-6141-H/0033/2012  PROYECTO EJECUTIVO DE LAS CALLES: FAISAN TRAMO: GRANJAS-AV. CENTRAL Y CALLE CENZONTLE TRAMO: DE ALONDRA A FAISAN COL. SAN SEBASTIAN,ORIGINAL,1,20/02/2012 00:00,,0,0
45,33,AMPLIACION 1,AMPLIACION,1,20/02/2012 00:00,44,1,1
46,34,A-2510-323-6141-H/0034/2012  PROYECTO EJECUTIVO DE LAS CALLES: RAMON RAMIREZ TRAMO: BLVD. TELLEZ CRUCES-ANTONIO HERNANDEZ Y CALLE IGNACIO MU¥OZ TRAMO: BLVD. TELLEZ CRUCES A TOPAR COL. LEON I,ORIGINAL,1,20/02/2012 00:00,,0,0
47,35,A-2510-323-6141-H/0035/2012  PROYECTO EJECUTIVO DE LAS CALLES: MARTIRES DE TLATELOLCO TRAMO: 14 DE MAYO-26 DE AGOSTO COL. MORELOS; HEVEA TRAMO: CUENCA FLORIDA-ALERCE COL. VALLE HERMOSO I Y II; RIO CHAPINGO TRAMO: RIO TECOLUTLA-BLVD TORRES LANDA FRACC. SAN MIGUEL,ORIGINAL,1,20/02/2012 00:00,,0,0
48,36,A-2510-323-6141-H/0036/2012  PROYECTO EJECUTIVO DE LA CALLE LOMA LARGA TRAMO: CERRO DEL SOYATE-CERRO LARGO COL. POPULAR POLANCO,ORIGINAL,1,20/02/2012 00:00,,0,0
49,37,A-2510-323-6141-H/0037/2012  PROYECTO EJECUTIVO DE LA CALLE: RIO CUARTO TRAMO: BLVD. TIMOTEO LOZANO-MAR DE JAVA COL. JARDINES DE SAN MIGUELITO,ORIGINAL,1,21/02/2012 00:00,,0,0
50,38,B-5051-236-6121-H/0038/2012  PROYECTO EJECUTIVO DE PAVIMENTACION DE LAS CALLES: TLACOPAN TRAMO: GOLFO DE TEHUANTEPEC-TOPAR SUU COL. AZTECA Y CALLE REALES DE KANSAS TRAMO: RIELEROS-DIABLOS ROJOS COL. DEPORTIVA II,ORIGINAL,1,21/02/2012 00:00,,0,0
51,39,B-5051-236-6121-H/0039/2012  PROYECTO EJECUTIVO DE PAVIMENTACION DE LAS CALLES: SAN LUCAS TRAMO: SAN JUSTO-TOPAR Y CALLE SAN ISIDRO TRAMO: SAN JACOBO-SAN JUSTO COL. LA PISCINA,ORIGINAL,1,22/02/2012 00:00,,0,0
52,44,B-5051-236-6121-H/0040/2012  PROYECTO EJECUTIVO DE PAVIMENTACION DE LAS CALLES: BENITO GUZMAN TRAMO: MARIANO ESCOBEDO - JOSEFINA CAMARENA COL. LEON II; Y CALLE JEREZ DE LA LUZ TRAMO: BLVD. DELTA - TINTO COL. VALLE DE JEREZ 1RA. SECCION,ORIGINAL,1,22/02/2012 00:00,,0,0
53,40,A-2510-302-6121-E/0041/2012  CONSTRUCCION DE BARDA PERIMETRAL PARA LA ESCUELA FRANCISCO ZARATE EN LA COL. VIBAR LEON,ORIGINAL,1,22/02/2012 00:00,,0,0
54,45,"A-1910-310-4411-E/0042/2012  RESTAURACION DEL TEATRO FRAY PEDRO DE GANTE, LEON",ORIGINAL,1,22/02/2012 00:00,,0,0
55,41,A-2510-315-6141-H/0043/2012  ESTUDIO GEOFISICO PARA DETENCION DE SOCAVACIONES DE EDIFICIOS PUBLICOS DE ZONA CENTRO,ORIGINAL,1,22/02/2012 00:00,,0,0
56,42,B-5051-236-6121-D/0044/2012  PAVIMENTACION DE LA CALLE LIRIOS TRAMO: BLVD. J. JOSE TORRES LANDA-TOPAR COL. JARDINES DE JEREZ,ORIGINAL,1,23/02/2012 00:00,,0,0
57,43,A-2510-320-6141-H/0045/2012  PROYECTO EJECUTIVO DE INTERSECCION DEL BLVD. SAN JUAN BOSCO CON PASEO DE LOS INSURGENTES,ORIGINAL,1,23/02/2012 00:00,,0,0
58,46,B-5051-236-6121-D/0046/2012  PAVIMENTACION DE LA CALLE PASEO  DE LOS CUERVOS TRAMO: BLVD. SAN PEDRO A CALLE PASEO DE LOS VERDINES COL. SAN ISIDRO DE JEREZ,ORIGINAL,1,23/02/2012 00:00,,0,0
59,47,"G-2510-800-6141-E/0047/2012  REHABILITACION DE SANITARIOS, CASETA DE VIGILANCIA, RECEPCION Y TERRAZA PARA COMEDOR DEL EDIFICIO DE LAS OFICINAS GENERALES DE ""EL CECYTEG"" (REMODELACION DE LAS OFICINAS GENERALES DEL CECYTEG 1RA. ETAPA) LEON",ORIGINAL,1,24/02/2012 00:00,,0,0
60,48,"A-2510-315-6141-E/0048/2012  REPINTADO DE PUENTE Y TORRE PUERTA MILENIO, LEON",ORIGINAL,1,27/02/2012 00:00,,0,0
61,49,C-2510-606-6121-D/0049/2012  PAVIMENTACION DE LA CALLE OCASO TRAMO: DE CAMINO AL POTRERO A TEMPRANO COL. NUEVO AMANECER,ORIGINAL,1,01/03/2012 00:00,,0,0
62,49,AMPLIACION 1,AMPLIACION,1,01/03/2012 00:00,61,1,1
63,57,B-5051-236-6121-D/0050/2012  PAVIMENTACION DE LA CALLE CHAYOTE TRAMO: DE CANDELARIA - FRENTE AL 217 COL. LA MORA,ORIGINAL,1,02/03/2012 00:00,,0,0
64,58,B-5051-236-6121-D/0051/2012  PAVIMENTACION DE LA CALLE ZITACUARO TRAMO: DE ZAMORA A PAVIMENTO EXISTENTE COL. SAN AGUSTIN,ORIGINAL,1,02/03/2012 00:00,,0,0
65,58,AMPLIACION 1,AMPLIACION,1,02/03/2012 00:00,64,1,1
66,54,A-2510-304-6121-D/0052/2012  PAVIMENTACION DE LA CALLE NUEVO HAMBURGO TRAMO: DE BLVD. ANTONIO MADRAZO A CARACAS COL. LA CARMONA,ORIGINAL,1,02/03/2012 00:00,,0,0
67,54,AMPLIACION 1,AMPLIACION,1,02/03/2012 00:00,66,1,1
68,50,A-2510-315-6141-E/0053/2012  PINTURA Y MANO DE OBRA A POSTES METALICOS DE LA CIUDAD CORRESPONDIENTES A LA AV. PASEO DE LOS INSURGENTES; BLVD ADOLFO LOPEZ MATEOS Y EN OTRAS ZONAS DE LA CIUDAD,ORIGINAL,1,02/03/2012 00:00,,0,0
69,51,A-2510-404-3314-E/0054/2012  LIMPIEZA DE GRAFITTI Y PROTECCION DE SUPERFICIES EN EL BLVD ADOLFO  LOPEZ  TRAMO: DE AV. PASEO DE LOS INSURGENTES HASTA AV. FRANCISCO VILLA LEON,ORIGINAL,1,02/03/2012 00:00,,0,0
70,51,AMPLIACION 1,AMPLIACION,1,02/03/2012 00:00,69,1,1
71,52,A-1910-310-4411-E/0055/2012  LAVADO LIMPIEZA EN BARDA ATRIAL DE LA CATEDRAL BASILICA .LEON,ORIGINAL,1,05/03/2012 00:00,,0,0
72,53,"C-1810-601-6131-D/0056/2012  BARDA PERIMETRAL EN PLANTA DE TRATAMIENTO EN LA OCMUNIDAD DE ESTANCIA DE LOS SAPOS Y EN RANCHO NUEVO LA LUZ, LEON",ORIGINAL,1,05/03/2012 00:00,,0,0
73,59,"A-2610-311-6221-E/0057/2012  CONSTRUCCION DE MODULO DE 15 GAVETAS PARA ADULTO EN LA COMUNIDAD DE VAQUERIAS, CONSTRUCCION DE 400 OSARIOS EN EL PANTEON NORTE Y CONSTRUCCION DE 400 OSARIOS EN EL PANTEON SAN NICOLAS",ORIGINAL,1,05/03/2012 00:00,,0,0
74,56,C-2510-606-6121-D/0058/2012  PAVIMENTACION DE LA CALLE NAGPUR TRAMO: DE CANAL DE SARDENETA A TOPAR COL. LA INDIA,ORIGINAL,1,05/03/2012 00:00,,0,0
75,56,AMPLIACION 1,AMPLIACION,1,05/03/2012 00:00,74,1,1
76,60,A-2510-304-6121-D/0059/2012  PAVIMENTACION DE LA CALLE CLORO (T3) TRAMO: DE POTASIO - TITANIO COL. VALLE DE SE¥ORA,ORIGINAL,1,12/03/2012 00:00,,0,0
77,68,B-5051-236-6121-D/0060/2012  PAVIMENTACION DE LA CALLE MATILDE TRAMO: DE REFUGIO - IGNACIO GARCIA TELLEZ COL. ORIENTAL,ORIGINAL,1,07/03/2012 00:00,,0,0
78,55,C-2510-606-6121-D/0061/2012  PAVIMENTACION DE LA CALLE MADRE REYNA TRAMO: DE MADRE TIERRA A MADRE MARINA COL. 10 DE MAYO,ORIGINAL,1,07/03/2012 00:00,,0,0
79,69,A-2510-304-6121-D/0062/2012  PAVIMENTACION DE LA CALLE ARGON TRAMO: DE POTASIO - ANDADOR MARIA CURIE COL. VALLE DE SE¥ORA,ORIGINAL,1,07/03/2012 00:00,,0,0
80,69,AMPLIACION 1,AMPLIACION,1,07/03/2012 00:00,79,1,1
81,61,C-2510-606-6121-D/0063/2012  PAVIMENTACION DE LA CALLE MISERICORDIA TRAMO: DE MADRE AURORA A MADRE MAURA COL. LA GLORIA,ORIGINAL,1,07/03/2012 00:00,,0,0
82,62,A-2510-316-6141-C/0064/2012  MANTENIMIENTO A LOS PAVIMENTOS DEL BLVD. JUAN ALONSO DE TORRES TRAMO: DE BLVD CLOUTHIER A BLVD SANABRIA LEON,ORIGINAL,1,12/03/2012 00:00,,0,0
83,63,A-2510-316-6141-C/0065/2012  REHABILITACION DE LOS PAVIMENTOS DEL BLVD. AEROPUERTO LEON,ORIGINAL,1,12/03/2012 00:00,,0,0
84,64,A-2510-316-6141-C/0066/2012  MANTENIMIENTO A LOS PAVIMENTOS DEL BLVD. ADOLFO LOPEZ MATEOS TRAMO: BLVD. SAN PEDRO A BLVD. PASEO DE JEREZ LEON,ORIGINAL,1,12/03/2012 00:00,,0,0
85,70,A-2510-316-6141-C/0067/2012  REVESTIMIENTO DEL CUERPO LATERAL SUR BLVD. JUAN ALONSO DE TORRES TRAMO: BLVD. ANTONIO MADRAZO A BLVD HILARIO MEDINA LEON,ORIGINAL,1,12/03/2012 00:00,,0,0
86,65,A-2510-316-6141-C/0068/2012  REVESTIMIENTO DEL CUERPO LATERAL SUR BLVD. JUAN ALONSO DE TORRES TRAMO: BLVD. HIDALGO A ANTONI SILVA LEON,ORIGINAL,1,12/03/2012 00:00,,0,0
87,66,A-2510-316-6141-C/0069/2012  MANTENIMIENTO A LOS PAVIMENTOS DEL BLVD. MORELOS INTERSECCION CON BLVD HIDALGO LEON,ORIGINAL,1,12/03/2012 00:00,,0,0
88,71,C-2510-606-6121-D/0070/2012  PAVIMENTACION DE LA CALLE MADRE SUSANA TRAMO: DE TOPAR A ORIENTE - TOPAR A PONIENTE COL. DIEZ DE MAYO,ORIGINAL,1,13/03/2012 00:00,,0,0
89,71,AMPLIACION 1,AMPLIACION,1,13/03/2012 00:00,88,1,1
90,72,C-2510-606-6121-D/0071/2012  PAVIMENTACION DE LA CALLE FRANCISCO LOMBARDO TRAMO: DE OSE A. GODOY - JOSE MA ROA BARCENA COL. PERIODISTAS MEXICANOS,ORIGINAL,1,13/03/2012 00:00,,0,0
91,94,E-2310-700-3591-G/0072/2012  MANTENIMIENTO INTEGRAL DE PARQUES Y JARDINES EN COMUDE LEON. GTO.,ORIGINAL,1,12/03/2012 00:00,,0,0
92,78,"E-2310-700-3531-G/0073/2012  MANTENIMIENTO INTEGRAL DE PARQUES Y JARDINES OFICINAS MUNICIPALES LEON, GTO",ORIGINAL,1,12/03/2012 00:00,,0,0
93,73,E-2310-700-3591-G/0074/2012  MANTENIMIENTO PREVENTIVO Y CORRECTIVO DE FUENTES EN VARIAS PARTES DE LA CD. DE LEON GTO,ORIGINAL,1,12/03/2012 00:00,,0,0
94,67,A-2510-405-2461-D/0075/2012  ALUMBRADO PUBLICO PARA REHABILITAR ESTACIONAMIENTOS LEON,ORIGINAL,1,12/03/2012 00:00,,0,0
95,67,AMPLIACION 1,AMPLIACION,1,12/03/2012 00:00,94,1,1
96,75,"A-2510-315-6141-D/0076/2012  HABILITACION DE TERRENOS PARA ESTACIONAMIENTO EN RANCHO ALEGRE (14) HIDALGO Y LAS TORRES, TIMOTEO, SANTA JULIA FACTORY",ORIGINAL,1,16/03/2012 00:00,,0,0
97,84,C-2510-606-6121-D/0077/2012  PAVIMENTACION DE LA CALLE JEREZ DE ARRIBA TRAMO: JEREZ DE FRONTERA-JEREZ DE BLANES COL. VALLE DE JEREZ 1A. SECCION,ORIGINAL,1,29/03/2012 00:00,,0,0
98,83,"A-2510-315-6141-D/0078/2012  HABILITACION DE TERRENOS PARA ESTACIONAMIENTO EN RANCHO ALEGRE (3) LAGUNILLAS, HIDALGO ESQ. MORELOS, RANCHO ALEGRE (6) Y SAN JOSE EL ALTO",ORIGINAL,1,16/03/2012 00:00,,0,0
99,79,A-2510-315-6141-D/0079/2012  CONSTRUCCION DE CICLOVIA SOBRE LA CALLE 21 DE MARZO DE BLVD. SAN JUAN BOSCO A CALLE CLVADONGA Y EN CALLE COVADONGA DE 21 DE MARZO A BLVD. LAS TORRES COL VISTA HERMOSA,ORIGINAL,1,12/03/2012 00:00,,0,0
100,74,C-2510-606-6121-D/0080/2012  PAVIMENTACION DE LA CALLE MADRE AMALIA TRAMO: DE ATOTONILCO A MADRE MARINA COL. DIEZ DE MAYO,ORIGINAL,1,21/03/2012 00:00,,0,0
101,76,"A-2510-315-6141-D/0081/2012  SE¥ALIZACION HORIZONTAL EN LAS PRINCIPALES VIALIDADES DE LA CIUDAD, MEDIANTE PINTURA TERMOPLASTICA PARA DIVIDIR CARRILES EN BVLD. ADOLFO LOPEZ MATOES Y BLVD. AEROPUERTO",ORIGINAL,1,22/03/2012 00:00,,0,0
102,77,"A-2510-315-6141-D/0082/2012  SE¥ALIZACION HORIZONTAL EN LAS PRINCIPALES VIALIDADES DE LA CIUDAD, MEDIANTE PINTURA TERMOPLASTICA PARA DIVIDIR CARRILES EN BLVD JUAN ALONSO DE TORRES Y BLVD HILARIO MEDINA",ORIGINAL,1,22/03/2012 00:00,,0,0
103,80,B-5051-236-6121-H/0083/2012  PROYECTO EJECUTIVO DE PAVIMENTACION DE LAS CALLES: ANTONIO RODRIGUEZ DE LUGO TRAMO: JUAN BAUTISTA - VAZQUEZ CORONADO FRENTE # 318 COL. LA CARMONA Y CALLE ACAPONETA TRAMO: SANCHEZ - TOPAR COL. LA CARMONA,ORIGINAL,1,26/03/2012 00:00,,0,0
104,85,"A-2110-300-6121-E/0084/2012  TRABAJOS COMPLEMENTARIOS EN EL EX ESTACIONAMIENTO COMONFORT, LEON",ORIGINAL,1,26/03/2012 00:00,,0,0
105,81,B-5051-236-6121-D/0085/2012  PAVIMENTACION DE LA CALLE JUAN TORRES SEPTIEN TRAMO: DE BLVD MARIANO ESCOBEDO A BLVD. MARIANO ESCOBEDO COL. LAS HILAMAS,ORIGINAL,1,26/03/2012 00:00,,0,0
106,86,A-2510-304-6121-D/0086/2012  PAVIMENTACION  DE LA CALLE JEREMIAS TRAMO: DE SAN LAZARO - SAN BENIGNO COL. NUEVA SANTA ROSA DE LIMA,ORIGINAL,1,26/03/2012 00:00,,0,0
107,86,AMPLIACION 1,AMPLIACION,1,26/03/2012 00:00,106,1,1
108,82,C-2510-606-6121-D/0087/2012  PAVIMENTACION DE LA CALLE MADRE INES TRAMO: DE TOPAR A ORIENTE A TOPAR PONIENTE COL. DIEZ DE MAYO,ORIGINAL,1,26/03/2012 00:00,,0,0
109,82,AMPLIACION 1,AMPLIACION,1,26/03/2012 00:00,108,1,1
110,87,A-2510-304-6121-D/0088/2012  PAVIMENTACION  DE LA CALLE ISAIAS TRAMO: DE HILARIO MEDINA A TOPAR COL. NUEVA SANTA ROSA DE LIMA,ORIGINAL,1,26/03/2012 00:00,,0,0
111,87,AMPLIACION 1,AMPLIACION,1,26/03/2012 00:00,110,1,1
112,88,C-2510-606-6121-D/0089/2012  PAVIMENTACION DE LA CALLE JEREZ DE NAVIA TRAMO: DE BLVD. DELTA - TINTO COL. VALLE DE JEREZ,ORIGINAL,1,26/03/2012 00:00,,0,0
113,89,A-2510-304-6121-D/0090/2012  PAVIMENTACION DE LA CALLE CLORO (TI) DE NITROGENO - ANDADOR AVOGADRO Y CALLE CLORO (T2) TRAMO: DE OXIGENO - ANDADOR BLAS PASCAL COL. VALLE DE SE¥ORA,ORIGINAL,1,26/03/2012 00:00,,0,0
114,90,B-5051-236-6121-D/0091/2012  PAVIMENTACION DE LA CALLE CAUDAL DEL RIO TRAMO: DE VERTIENTE DEL RIO - RIVERA DEL RIO COL. RIVERA DEL RIO,ORIGINAL,1,27/03/2012 00:00,,0,0
115,90,AMPLIACION 1,AMPLIACION,1,27/03/2012 00:00,114,1,1
116,91,A-1199-326-6121-D/0092/2012  PAVIMENTACION DE LA CALLE MONTERREY TRAMO: DE MALECON DEL RIO A BLVD. ADOLFO LOPEZ MATEOS COL. EL COECILLO,ORIGINAL,1,28/03/2012 00:00,,0,0
117,92,C-2510-606-6121-D/0093/2012  PAVIMENTACION DE LA CALLE MADRE ELENA TRAMO: DE MADRE FABIOLA A ATOTONILCO COL. DIEZ DE MAYO,ORIGINAL,1,28/03/2012 00:00,,0,0
118,93,C-2510-606-6121-D/0094/2012  PAVIMENTACION DE LA CALLE PRESA TILOSTOC TRAMO: DE PROL. HILARIO MEDINA A PRESA ALLENDE COL. PRESITAS DEL CONSUELO,ORIGINAL,1,28/03/2012 00:00,,0,0
119,93,AMPLIACION 1,AMPLIACION,1,28/03/2012 00:00,118,1,1
120,95,A-2510-315-6121-E/0095/2012  RESTAURACION DE FACHADA PATROCINIO DE MARIA ZONA CENTRO,ORIGINAL,1,29/03/2012 00:00,,0,0
121,96,A-2510-315-6121-E/0096/2012  REUBICACION DE LA ESCULTURA DE MARIA GREEVER UBICADA EN CALLE ALVARO OBREGON ZONA CENTRO,ORIGINAL,1,29/03/2012 00:00,,0,0
122,97,A-2510-302-6121-E/0097/2012  CONSTRUCCION DE BARDA PERIMETRAL EN LA ESCUELA NUEVA  CREACION UBICADA EN LA COLONIA JOYAS DE CASTILLA,ORIGINAL,1,29/03/2012 00:00,,0,0
123,98,A-2510-315-6141-E/0098/2012  REHABILITACION DE BIBLIOTECA COMUNIDAD LOZA DE LOS PADRES,ORIGINAL,1,09/04/2012 00:00,,0,0
124,101,A-2510-315-6141-H/0099/2012  ESTUDIO DE MECANICA DE SUELOS Y DISE¥O ESTRUCTURAL PARA LA BARDA DEL ZOOLOGICO DE LEON,ORIGINAL,1,11/04/2012 00:00,,0,0
125,99,B-5051-236-6121-H/0100/2012  PROYECTO EJECUTIVO DE PAVIMENTACION DE LAS CALLES: JOSE MARIA RODRIGUEZ TRAMO: BLVD. TELLEZ CRUCES A TOPAR LIMITE DE LA COL. PRADO HERMOSO COL. LEON I; CALLE FRANCISCO MARTINEZ TRAMO: BLVD. TELLEZ CRUCES A TOPAR COL. LEON I; CALLE JUAN OBREGON TRAMO: BLVD. TELLEZ CRUCES A RAMON MARTINEZ; CALLE AGUSTIN FRANCO TRAMO: BLVD. FCO. VILLA A PAULINO DURAN COL. LEON I; Y CALLE SAN MARIANO TRAMI: BLVD. HILARIO MEDINA A TOPAR CON CENTRO COMERCIAL GALERIAS COL. NUEVA SANTA ROSA DE LIMA,ORIGINAL,1,12/04/2012 00:00,,0,0
126,100,B-5051-236-6121-H/0101/2012  PROYECTO EJECUTIVO DE PAVIMENTACION DE LAS CALLES: ANTONIO HERNANDEZ TRAMO: BLVD VASCO DE QUIROGA - PAULINO DURAN; JUAN MU¥OZ LOPEZ TRAMO: BLVD. TELLEZ CRUCES - ANTONIO HERNANDEZ; CALLE JOSE MARIA RUIZ TRAMO: BLVD. TELLEZ CRUCES - ANTONIO HERNANDEZ Y CALLE TOMAS ILLA¥EZ TRAMO: BLVD. TELLEZ CRUCES - ANTONIO HERNANDEZ COL. LEON I,ORIGINAL,1,12/04/2012 00:00,,0,0
127,105,B-5051-236-6121-H/0102/2012  PROYECTO EJECUTIVO DE PAVIMENTACION DE LAS CALLES: TERESA DE BUSTOS  Y MOYA TRAMO: BLVD LEON II - CALLE MARIA SANCHEZ Y CALLE MARCOS DE AGUILAR TRAMO: BLVD. LEON II A CALLE RICARDO SOLORZANO COL. LEON II,ORIGINAL,1,12/04/2012 00:00,,0,0
128,110,B-5051-236-6121-H/0103/2012  PROYECTO EJECUTIVO DE PAVIMENTACION DE LAS CALLES: MAYAGUEZ TRAMO: GAMBOA-BLVD JOSE MA. MORELOS COL. EL PALOTE,ORIGINAL,1,12/04/2012 00:00,,0,0
129,111,A-2410-334-6141-E/0104/2012  CONSTRUCCION DE AMPLIACION DE PARADERO PARQUE JUAREZ LEON,ORIGINAL,1,13/04/2012 00:00,,0,0
130,106,B-5051-236-6121-H/0105/2012  PROYECTO EJECUTIVO DE PAVIMENTACION DE LAS CALLES: RICARDO GALVAN TRAMO: BLVD. LEON II - RICARDO SOLORZANO; CALLE RICARDO GALVAN TRAMO: BLVD. MARIANO ESCOBEDO - CEFERINO ORTIZ; Y CALLE ANTONIO DEL CASTILLO TRAMO: BLVD. MARIANO ESCOBEDO A CEFERINO ORTIZ COL. LEON II,ORIGINAL,1,16/04/2012 00:00,,0,0
131,107,B-5051-236-6121-H/0106/2012  PROYECTO EJECUTIVO DE PAVIMENTACION DE LAS CALLES: EUFRASI PANTOJA TRAMO: BLVD LEON II - RICARDO SOLORZANO; CALLE IMELDA GOMEZ TRAMO: BLVD LEON II - BLVD MARIANO ESCOBEDO COL. LEON II; CALLE ALERCE TRAMO: CUENCA FLORIDA - ALISO COL. VALLE HERMOSO; Y CALLE BOMBAY TRAMO: NIGER - MALECON DEL RIO COL. LA ESCONDIDA,ORIGINAL,1,16/04/2012 00:00,,0,0
132,147,B-5051-236-6121-H/0107/2012  PROYECTO EJECUTIVO DE PAVIMENTACION DE LAS CALLES: JEREZ DE GOMERA TRAMO: VALLE DE SANTIAGO-TINTO COL. JEREZ DE LA LUZ  Y CALLE 2DA. JEREZ DE ARRIBA TRAMO: JEREZ DE CARTAGENA-JEREZ DE FRONTERA COL. VALLE DE JEREZ,ORIGINAL,1,16/04/2012 00:00,,0,0
133,108,B-5051-236-6121-H/0108/2012  PROYECTO EJECUTIVO DE PAVIMENTACION DE LAS CALLES: FRANCISCO GOMEZ GUERRA TRAMO: BLVD LEON II A RICARDO SOLORZANO; Y CALLE JOSE GUADALUPE POSADA TRAMO: BLVD LEON II - CALLE MARIA SANCHEZ COL. LEON II,ORIGINAL,1,16/04/2012 00:00,,0,0
134,126,B-5051-236-6121-H/0109/2012  PROYECTO EJECUTIVO DE PAVIMENTACION DE LAS CALLES: MADRE GLORIA TRAMO: BLVD. ATOTONILCO - CALLE MADRE SIERRA COL. DIEZ DE MAYO,ORIGINAL,1,16/04/2012 00:00,,0,0
135,109,B-5051-236-6121-H/0110/2012  PROYECTO EJECUTIVO DE PAVIMENTACION DE LAS CALLES: VALLE AZUL TRAMO: BLVD. RIO MAYO A VALLE JORDAN Y CALLE VALLE DE SAN JOSE TRAMO: DE BLVD. RIO MAYO A VALLE JORDAN COL. VALLE DE SAN JOSE,ORIGINAL,1,16/04/2012 00:00,,0,0
136,112,A-2110-300-6121-E/0112/2012  REHABILITACION DE ESPACIOS PARA OFICINAS EN MERCADO REPUBLICA BARRIO DE SANTIAGO,ORIGINAL,1,16/04/2012 00:00,,0,0
137,102,A-2510-304-6121-D/0113/2012  PAVIMENTACION DE LA CALLE CLORO TRAMO: DE OXIGENO - ANDADOR QUIMICOS COL. VALLE DE SE¥ORA,ORIGINAL,1,16/04/2012 00:00,,0,0
138,102,AMPLIACION 1,AMPLIACION,1,16/04/2012 00:00,137,1,1
139,113,C-2510-606-6121-D/0114/2012  PAVIMENTACION DE LA CALLE DEL DISTRITO TRAMO: ANDADOR HACIENDA - LA MORADA COL. VILLAS DE LEON,ORIGINAL,1,16/04/2012 00:00,,0,0
140,113,AMPLIACION 1,AMPLIACION,1,16/04/2012 00:00,139,1,1
141,114,C-2510-606-6121-D/0115/2012  PAVIMENTACION DE LA CALLE JUNCO TRAMO: PASEO DE LA PRESA A RIO DE LOS CASTILLOS COL. VALLE HERMOSO,ORIGINAL,1,17/04/2012 00:00,,0,0
142,115,A-2510-404-3314-E/0116/2012  CUADRILLA OPERATIVA PARA LA REALIZACION DE TRABAJOS DE LIMPIOEZA Y PROTECCION CONTRA GRAFITIS EN LA CIUDAD DE LEON,ORIGINAL,1,17/04/2012 00:00,,0,0
143,103,A-2510-315-6141-E/0117/2012  PINTURA PUENTE PEATONAL TRAMO: BLVD.  ADOLFO LOPEZ MATEOS ESQ. MIGUEL ALEMAN CENTRO,ORIGINAL,1,17/04/2012 00:00,,0,0
144,104,A-2510-304-6121-D/0118/2012  PAVIMENTACION DE LA CALLE CIGšE¥A TRAMO: GANSO-CANARIO (TOCOLORO) COL. LOMAS DE ECHEVESTE,ORIGINAL,1,17/04/2012 00:00,,0,0
145,104,AMPLIACION 1,AMPLIACION,1,17/04/2012 00:00,144,1,1
146,117,A-2510-304-6121-D/0119/2012  PAVIMENTACION DE LA CALLE BARRANQUILLA TRAMO: DE MAR DE PLATA A CALLE PORTO ALEGRE COL. LA CARMONA,ORIGINAL,1,18/04/2012 00:00,,0,0
147,118,A-2510-304-6121-D/0120/2012  PAVIMENTACION DE LA CALLE MARACAIBO TRAMO: DE MAR DE PLATA A CARACAS COL. LA CARMONA,ORIGINAL,1,18/04/2012 00:00,,0,0
148,119,A-2510-304-6121-D/0121/2012  PAVIMENTACION DE LA CALLE VALPARAISO TRAMO: DE BLVD. ANTONIO MADRAZO A CALLE SANTIAGO COL. LA CARMONA,ORIGINAL,1,18/04/2012 00:00,,0,0
149,120,C-2510-606-6121-D/0122/2012  PAVIMENTACION DE LA CALLE QUIO TRAMO: EUBEA - EOLO COL. LA ERMITA,ORIGINAL,1,18/04/2012 00:00,,0,0
150,121,C-2510-606-6121-D/0123/2012  PAVIMENTACION DE LA CALLE HEBE TRAMO: EROS - CLOTO COL. ERMITA,ORIGINAL,1,18/04/2012 00:00,,0,0
151,122,C-2510-606-6121-D/0124/2012  PAVIMENTACION DE LA CALLE MILETO TRAMO: DE BLVD. MADRAZO A COLONENSES COL. SAN PABLO,ORIGINAL,1,27/04/2012 00:00,,0,0
152,127,C-2510-606-6121-D/0125/2012  PAVIMENTACION DE LA CALLE LISTRA TRAMO: FILIPENSES A CORINTO COL. SAN PABLO,ORIGINAL,1,27/04/2012 00:00,,0,0
153,127,AMPLIACION 1,AMPLIACION,1,27/04/2012 00:00,152,1,1
154,123,C-2510-606-6121-D/0126/2012  PAVIMENTACION DE LA CALLE DEL SOLAR TRAMO: DE CUENCA FLORIDA A CAMPO ESCONDIDO COL. SANTA CECILIA,ORIGINAL,1,27/04/2012 00:00,,0,0
155,123,AMPLIACION 1,AMPLIACION,1,27/04/2012 00:00,154,1,1
156,125,"C-2510-606-6121-D/0127/2012  PAVIMENTACION, AGUA POTABLE Y DRENAJES DE LA CALLE GALLITOS TRAMO: DE C. SABILA A C. BRICHO COL. VALLE HERMOSO III SECCION",ORIGINAL,1,27/04/2012 00:00,,0,0
157,128,A-2510-315-6141-H/0128/2012  PROYECTO PARA LA REHABILITACION DEL ESTACIONAMIENTO FUNDADORES CENTRO LEON,ORIGINAL,1,27/04/2012 00:00,,0,0
158,129,B-5051-236-6121-H/0129/2012  PROYECTO EJECUTIVO DE PAVIMENTACION DE LAS CALLES: 2DO ANDADOR JOSE DE LA LUZ FLORES TRAMO: DE FCO. MORALES A JOSE DE LA LUZ; 1ER. ANDADOR JOSE DE LA LUZ FLORES TRAMO: DE FCO. MORALES A JOSE DE LA LUZ; Y CALLE JOSE DE LA LUZ FLORES TRAMO DE BLVD. LEON II A MARIA SANCHEZ COL. LEON II,ORIGINAL,1,27/04/2012 00:00,,0,0
159,130,B-5051-236-6121-H/0130/2012  PROYECTO EJECUTIVO DE PAVIMENTACION DE LAS CALLES: SANTA ROCIO TRAMO: SANTA BLANCA A FRAY DANIEL MIRELES COL. SAN PEDRO PLUS; PASEO DE LAS LIEBRES TRAMO: RIO MAYO A MIGUEL DE CERVANTES SAAVEDRA O ROBLE DE JEREZ COL. COLINAS DE SANTA JULIA; Y CALLE GAVIOTA 1/2 CUERPO TRAMO: DE QUETZAL A OREOL COL. SANTA RITA.,ORIGINAL,1,27/04/2012 00:00,,0,0
160,131,C-2510-606-6121-D/0131/2012  PAVIMENTACION DE LA CALLE CIEN HOJAS TRAMO: DE ESCARAMULLO A LABRADOR COL. ARRAYANES,ORIGINAL,1,27/04/2012 00:00,,0,0
161,131,AMPLIACION 1,AMPLIACION,1,27/04/2012 00:00,160,1,1
162,132,C-2510-606-6121-D/0132/2012  PAVIMENTACION DE LA CALLE JEREZ DE BARCELONA TRAMO: JEREZ DE SEVILLA A VALLE DE SANTIAGO COL. JESUS MARIA,ORIGINAL,1,27/04/2012 00:00,,0,0
163,133,C-2510-606-6121-D/0133/2012  PAVIMENTACION DE LA CALLE VALLE DE CORZO TRAMO: DE CALLE  VALLE ARIZPE A CALLE MADRE TIERRA COL. VALLE DE SAN JOSE,ORIGINAL,1,27/04/2012 00:00,,0,0
164,134,C-2510-606-6121-D/0134/2012  PAVIMENTACION DE LA CALLE POLO NORTE TRAMO: DE TULIPAN DEL NORTE A TIRINTO COL. TULIPAN DEL BOSQUE,ORIGINAL,1,27/04/2012 00:00,,0,0
165,135,C-2510-606-6121-D/0135/2012  PAVIMENTACION DE LA CALLE CERRO DE LOS ANGELES TRAMO: DE CERRO DE LOS MILAGROS A CALLE CERRO DEL CUBO COL. ARBOLEDAS DE LOS CASTILLOS,ORIGINAL,1,27/04/2012 00:00,,0,0
166,135,AMPLIACION 1,AMPLIACION,1,27/04/2012 00:00,165,1,1
167,124,C-2510-606-6121-D/0136/2012  PAVIMENTACION DE LA CALLE MADRE ROSARIO TRAMO: DE MADRE MARINA A MADRE PATRICIA COL. DIEZ DE MAYO,ORIGINAL,1,27/04/2012 00:00,,0,0
168,124,AMPLIACION 1,AMPLIACION,1,27/04/2012 00:00,167,1,1
169,136,C-2510-606-6121-D/0137/2012  PAVIMENTACION DE LA CALLE MANUEL PAYNO TRAMO: DE JOSE A GODOY - JOSE MA. ROA BARCENA COL. PERIODISTAS DE MEXICO,ORIGINAL,1,27/04/2012 00:00,,0,0
170,136,AMPLIACION 1,AMPLIACION,1,27/04/2012 00:00,169,1,1
171,137,C-2510-606-6121-D/0138/2012  PAVIMENTACION DE LA CALLE MANUEL LOZADA TRAMO: DE 14 DE MAYO - 26 DE AGOSTO COL. MORELOS,ORIGINAL,1,30/04/2012 00:00,,0,0
172,137,AMPLIACION 1,AMPLIACION,1,30/04/2012 00:00,171,1,1
173,141,B-5051-236-6121-H/0139/2012  PROYECTO EJECUTIVO DE PAVIMENTACION DE LAS CALLES: SILVINO ROBLES TRAMO: BLVD. LEON II - MARIANO ESCOBEDO; ANDADOR 2 MANUEL LOPEZ MERCADO TRAMO: MANUEL LOPEZ MERCADO - BLVD. LEON II; ANDADOR 3 MANUEL LOPEZ MERCADO TRAMO: MANUEL LOPEZ MERCADO - BLVD. LEON II; ANDADOR 4 MANUEL LOPEZ MERCADO TRAMO: MANUEL LOPEZ MERCADO - BLVD. LEON II,ORIGINAL,1,30/04/2012 00:00,,0,0
174,116,C-2510-606-6121-D/0140/2012  PAVIMENTACION DE LA CALLE CASTILLO DE SANTA MARIA TRAMO: DE CASTILLO ABAJO A MALECON DE BUCEFALO COL ARBOLEDAS DE LOS CASTILLOS,ORIGINAL,1,30/04/2012 00:00,,0,0
175,148,C-2510-606-6121-D/0141/2012  PAVIMENTACION DE LA CALLE BRICHO TRAMO: DE DULCINEA DEL TABOSO A AV. DE LA PRESA COL. VALLE HERMOSO,ORIGINAL,1,30/04/2012 00:00,,0,0
176,138,C-2510-606-6121-D/0142/2012  PAVIMENTACION DE LA CALLE CASTILLO DE MOCTEZUMA TRAMO: DE MALECON DE BUCEFALO A CALLE CASTILLA DE ABAJO COL. ARBOLEDAS DE LOS CASTILLOS,ORIGINAL,1,30/04/2012 00:00,,0,0
177,139,C-2510-606-6121-D/0143/2012  PAVIMENTACION DE LA CALLE CASTILLO CHICO TRAMO: DE MALECON DE BUCEFALO A CALLE DE ABAJO COL. ARBOLEDAS DE LOS CASTILLOS,ORIGINAL,1,30/04/2012 00:00,,0,0
178,142,A-2510-304-6121-D/0144/2012  PAVIMENTACION DE LA CALLE RIO CUARTO TRAMO DE BLVD. TIMOTEO LOZANO A CALLE JAVA COL. JARDINES DE SAN MIGUELITO,ORIGINAL,1,02/05/2012 00:00,,0,0
179,142,AMPLIACION 1,AMPLIACION,1,02/05/2012 00:00,178,1,1
180,143,A-2510-304-6121-D/0145/2012  PAVIMENTACION  DE LA CALLE MEDELLIN TRAMO: DE BLVD. ANTONIO MADRAZO A CALLE SANTIAGO COL. LA CARMONA,ORIGINAL,1,04/05/2012 00:00,,0,0
181,144,A-2510-304-6121-D/0146/2012  PAVIMENTACION DE LA CALLE SUCRE TRAMO: DE MAR DE PLATA A CARACAS COL. LA CARMONA,ORIGINAL,1,04/05/2012 00:00,,0,0
182,149,A-2510-315-6121-E/0147/2012  TRAMITE ANTE EL INAH PARA OBTENER EL PERMISO PARA LA INTERVENCION DE LA FACHADA DEL PATROCINIO DE MARIA UBICADO EN LA CALLE HIDALGO ESQ. ALVARO OBREGON CENTRO,ORIGINAL,1,04/05/2012 00:00,,0,0
183,145,A-2510-315-6141-D/0149/2012  CONSTRUCCION DE ESTACIONAMIENTO EN LA AV. PANORAMA TRAMO: ENTRE BLVD. CAMPESTRE A VALLE DE LOS OLIVOS COL. VALLE DEL CAMPESTRE,ORIGINAL,1,04/05/2012 00:00,,0,0
184,140,A-2110-300-6121-E/0150/2012  ACONDICIONAMIENTO DEL AREA DE FONDAS EN EL MERCADO CARRO VERDE LEON,ORIGINAL,1,09/05/2012 00:00,,0,0
185,150,E-2310-700-3531-G/0151/2012  MANTENIMIENTO INTEGRAL DE PARQUES Y JARDINES PARA LA ZONA URBANA I LEON GTO.,ORIGINAL,1,09/05/2012 00:00,,0,0
186,151,E-2310-700-3531-G/0152/2012  MANTENIMIENTO INTEGRAL DE PARQUES Y JARDINES PARA LA ZONA URBANA II LEON GTO.,ORIGINAL,1,09/05/2012 00:00,,0,0
187,152,E-2310-700-3531-G/0153/2012  MANTENIMIENTO INTEGRAL DE PARQUES Y JARDINES PARA LA ZONA URBANA III LEON GTO.,ORIGINAL,1,09/05/2012 00:00,,0,0
188,156,E-2310-700-3531-G/0154/2012  MANTENIMIENTO INTEGRAL DE PARQUES Y JARDINES PARA LA ZONA URBANA IV,ORIGINAL,1,09/05/2012 00:00,,0,0
189,180,E-2310-700-3531-G/0155/2012  MANTENIMIENTO INTEGRAL DE PARQUES Y JARDINES PARA LA ZONA URBANA V,ORIGINAL,1,09/05/2012 00:00,,0,0
190,157,E-2310-700-3531-G/0156/2012  MANTENIMIENTO INTEGRAL DE PARQUES Y JARDINES PARA LA ZONA URBANA VI LEON GTO.,ORIGINAL,1,09/05/2012 00:00,,0,0
191,153,E-2310-700-3531-G/0157/2012  MANTENIMIENTO INTEGRAL DE PARQUES Y JARDINES PARA LA ZONA URBANA VII,ORIGINAL,1,09/05/2012 00:00,,0,0
192,195,E-2310-700-6531-G/0158/2012  MANTENIMIENTO INTEGRAL DE PARQUES Y JARDINES PARA LAS ZONAS URBANAS VIII LEON GTO.,ORIGINAL,1,09/05/2012 00:00,,0,0
193,158,E-2310-700-3531-G/0159/2012  MANTENIMIENTO INTEGRAL DE PARQUES Y JARDINES PARA LA ZONA URBANA IX LEON GTO.,ORIGINAL,1,09/05/2012 00:00,,0,0
194,159,E-2310-700-3531-G/0160/2012  MANTENIMIENTO INTEGRAL DE PARQUES Y JARDINES PARA LA ZONA URBANA X LEON GTO.,ORIGINAL,1,09/05/2012 00:00,,0,0
195,160,E-2310-700-3531-G/0161/2012  MANTENIMIENTO INTEGRAL DE PARQUES Y JARDINES PARA LA ZONA URBANA XI LEON GTO.,ORIGINAL,1,09/05/2012 00:00,,0,0
196,161,E-2310-700-3531-G/0162/2012  MANTENIMIENTO INTEGRAL DE PARQUES Y JARDINES PARA LA ZONA URBANA XII,ORIGINAL,1,09/05/2012 00:00,,0,0
197,154,E-2310-700-3531-G/0163/2012  MANTENIMIENTO INTEGRAL DE PARQUES Y JARDINES PARA LA ZONA URBANA XIII,ORIGINAL,1,09/05/2012 00:00,,0,0
198,181,E-2310-700-3531-G/0164/2012  MANTENIMIENTO INTEGRAL DE PARQUES Y JARDINES PARA LA  ZONA URBANA XIV,ORIGINAL,1,09/05/2012 00:00,,0,0
199,162,E-2310-700-3531-G/0165/2012  MANTENIMIENTO INTEGRAL DE PARQUES Y JARDINES PARA LA ZONA URBANA XV,ORIGINAL,1,09/05/2012 00:00,,0,0
200,182,E-2310-700-3531-G/0166/2012  MANTENIMIENTO INTEGRAL DE PARQUES Y JARDINES PARA LA ZONA URBANA XVI,ORIGINAL,1,09/05/2012 00:00,,0,0
201,183,"E-2310-700-3531-G/0167/2012  MANTENIMIENTO INTEGRAL DE PARQUES Y JARDINES BLVD. AEROPUERTO Y DISTRIBUIDOR VIAL LEON, GTO.",ORIGINAL,1,09/05/2012 00:00,,0,0
202,163,E-2310-700-3531-G/0168/2012  MANTENIMIENTO INTEGRAL DE PARQUES Y JARDINES PARA EL MALECON DEL RIO,ORIGINAL,1,09/05/2012 00:00,,0,0
203,164,E-2310-700-3531-G/0169/2012  MANTENIMIENTO PREVENTIVO DE ARBOLES ZONA SUR LEON. GTO.,ORIGINAL,1,09/05/2012 00:00,,0,0
204,165,E-2310-700-3531-G/0170/2012  MANTENIMIENTO PREVENTIVO DE ARBOLES ZONA NORTE LEON,ORIGINAL,1,09/05/2012 00:00,,0,0
205,146,E-2310-700-3531-G/0171/2012  MANTENIMIENTO DE AREAS DE REFORESTACION (PROGRAMA ARBOLIMETRO) PAQ. 1 LEON GTO.,ORIGINAL,1,09/05/2012 00:00,,0,0
206,166,E-2310-700-3531-G/0172/2012  MANTENIMIENTO PREVENTIVO DE ARBOLES ZONA CENTRO LEON,ORIGINAL,1,09/05/2012 00:00,,0,0
207,167,E-2310-700-3531-G/0173/2012  MANTENIMIENTO INTEGRAL DE PARQUES Y JARDINES MEJORA DE PLAZAS EN ZONA RURAL LEON GTO.,ORIGINAL,1,09/05/2012 00:00,,0,0
208,168,E-2310-700-3531-G/0174/2012  MANTENIMIENTO INTEGRAL DE PARQUES Y JARDINES MEJORA DE PLAZAS EN ZONA URBANA PAQ. 1 LEON GTO,ORIGINAL,1,09/05/2012 00:00,,0,0
209,155,"E-2310-700-3531-G/0175/2012  MANTENIMIENTO PREVENTIVO Y CORRECTIVO DE FUENTES EN VARIAS PARTES DE LA CIUDAD LEON, GTO",ORIGINAL,1,09/05/2012 00:00,,0,0
210,174,E-2310-700-3531-G/0176/2012  MANTENIMIENTO INTEGRAL DE PARQUES Y JARDINES OFICINAS MUNICIPALES LEON.GTO.,ORIGINAL,1,09/05/2012 00:00,,0,0
211,169,"E-2310-700-3531-G/0177/2012  MANTENIMIENTO INTEGRAL DE PARQUES Y JARDINES RETIRO DE EXCEDENTES, NIVELACION Y MEJORA DE SUELOS LEON, GTO.",ORIGINAL,1,09/05/2012 00:00,,0,0
212,175,E-2310-700-3591-G/0178/2012  MANTENIMIENTO INTEGRAL DE PARQUES Y JARDINES PARA LA ZONA DE AREAS VERDES DE MINIDEPORTIVAS COMUDE PAQ. 1 LEON GTO.,ORIGINAL,1,09/05/2012 00:00,,0,0
213,170,A-2510-315-6141-H/0179/2012  PROYECTO CONCEPTUAL PARA LA CONCESION DEL PARIAN JOSE ALFREDO JIMENEZ LEON,ORIGINAL,1,14/05/2012 00:00,,0,0
214,171,A-2510-315-6141-D/0180/2012  CERCADO AL COSTADO DE CICLOVIA EN BLVD. JOSE MARIA MORELOS FRENTE A TECNOLOGICO DE LEON,ORIGINAL,1,16/05/2012 00:00,,0,0
215,176,C-2510-606-6121-D/0181/2012  PAVIMENTACION 1/2 CUERPO DE LA CALLE JEREZ DE LAL UZ TRAMO: DE BLVD. DELTA - TINTO COL. VALLE DE JEREZ 1RA. SECCION,ORIGINAL,1,16/05/2012 00:00,,0,0
216,184,C-2510-606-6121-D/0182/2012  PAVIMENTACION DE LA CALLE CERRO DE LA BUFA TRAMO: DE CERRO DE TANCITARO A CERRO DE LAS CAMPANAS COL. CERRITO DE JEREZ,ORIGINAL,1,16/05/2012 00:00,,0,0
217,177,C-2510-606-6121-D/0183/2012  PAVIMENTACION DE LA CALLE JOSE MANUEL SOMERA TRAMO: BLVD. MARIANO ESCOBEDA A CEFERINO ORTIZ COL. SATELITE,ORIGINAL,1,16/05/2012 00:00,,0,0
218,172,A-2510-302-6121-E/0184/2012  BARDA PERIMETRAL EN LA PRIMARIA JUSTO SIERRA COMUNIDAD LA LABORCITA LEON,ORIGINAL,1,16/05/2012 00:00,,0,0
219,173,B-5051-236-6121-D/0185/2012  PAVIMENTACION DE LA CALLE SALIDA A LOS GOMEZ: DE CALLE JULIAN CARRILLO A MALECON DEL RIO COL. CASA BLANCA,ORIGINAL,1,17/05/2012 00:00,,0,0
220,173,AMPLIACION 1,AMPLIACION,1,17/05/2012 00:00,219,1,1
221,178,C-2510-606-6121-D/0186/2012  PAVIMENTACION DE LA CALLE NUEVA DELHI TRAMO: DE ALMENA A CANAL DE SARDENETA COL. LA INDIA,ORIGINAL,1,17/05/2012 00:00,,0,0
222,185,C-2510-606-6121-D/0187/2012  PAVIMENTACION DE LA CALLE IMPERIAL TRAMO: DE ESCARAMULLO A GARRA DE AGUILA COL. LOS ARRAYANES,ORIGINAL,1,17/05/2012 00:00,,0,0
223,186,C-2510-606-6121-D/0188/2012  PAVIMENTACION DE LA CALLE REAL DE LA PLATA TRAMO: DE CALLE REAL DEL CASTILLO A TOPAR (BALDIO) COL. REAL DEL CASTILLO,ORIGINAL,1,17/05/2012 00:00,,0,0
224,179,C-2510-606-6121-D/0189/2012  PAVIMENTACION DE LA CALLE MADRE LAURA TRAMO: DE TOPAR LADO ORIENTE A TOPAR LADO PONIENTE COL. DIEZ DE MAYO,ORIGINAL,1,17/05/2012 00:00,,0,0
225,187,C-2510-606-6121-D/0190/2012  PAVIMENTACION DE LA CALLE JEREZ DE MADRID TRAMO: DE JEREZ DE SEVILLA A VALLE DE SANTIAGO COL. JESUS MARIA,ORIGINAL,1,17/05/2012 00:00,,0,0
226,189,C-2510-606-6121-D/0191/2012  PAVIMENTACION DE LA CALLE PRIVADA AZORES TRAMO: DE BALCON DE LAS MARIPOSAS A TOPAR COL. BALCONES DE LA JOYA,ORIGINAL,1,17/05/2012 00:00,,0,0
227,190,C-2510-611-6141-D/0192/2012  PAVIMENTACION DE LA CALLE PRESA POZUELOS TRAMO: AV. RIO DE LOS CASTILLOS A PASEO DE LA PRESA COL. RIVERA DE LA PRESA,ORIGINAL,1,24/05/2012 00:00,,0,0
228,191,C-2510-611-6141-D/0193/2012  PAVIMENTACION DE LA CALLE XOCHICALCO TRAMO: TEOTENANGO A TENOCHTITLAN COL. POPULAR ANAYA,ORIGINAL,1,24/05/2012 00:00,,0,0
229,192,B-5051-236-6121-H/0194/2012  PROYECTO EJECUTIVO DE PAVIMENTACION DE LA CALLE: SANTA ROSALIA TRAMO: LAFLORIDA - SAN MARCOS COL. LA FLORIDA,ORIGINAL,1,28/05/2012 00:00,,0,0
230,200,"A-1199-326-6121-D/0195/2012  CONSTRUCCION E INSTALACION NUEVA DE 6 REDUCTORES DE VELOCIDAD (TOPES DE PLµSTICO) PARA LA COL. LAS AMERICAS DEL PROGRAMA ""TU ASAMBLEA DE BARRIO""",ORIGINAL,1,28/05/2012 00:00,,0,0
231,188,A-2510-405-2461-E/0196/2012  ADECUACION ELECTRICA PARA POSTES DE CCTV EN VARIAS PARTES DE LA CIUDAD DE LEON,ORIGINAL,1,29/05/2012 00:00,,0,0
232,188,AMPLIACION 1,AMPLIACION,1,29/05/2012 00:00,231,1,1
233,201,C-2510-611-6141-D/0197/2012  PAVIMENTACION DE LA CALLE MADRE LORETO TRAMO: DE BALDIO - BALDIO COL. 10 DE MAYO,ORIGINAL,1,29/05/2012 00:00,,0,0
234,202,C-2510-611-6141-D/0198/2012  PAVIMENTACION DE LA CALLE VALLE AZUL TRAMO: VALLE JORDAN A VALLE CABUERIGA COL. VALLE DE SAN JOSE,ORIGINAL,1,29/05/2012 00:00,,0,0
235,202,AMPLIACION 1,AMPLIACION,1,29/05/2012 00:00,234,1,1
236,203,B-5051-236-6121-D/0199/2012  PAVIMENTACION DE LA CALLE CONEJO TRAMO: DE ARROYO DE LAS LIEBRES A BLVD. PASEO DE JEREZ COL. GRANJAS DE JEREZ,ORIGINAL,1,30/05/2012 00:00,,0,0
237,204,"A-1199-326-6121-D/0200/2012  CONSTRUCCION E INSTALACION NUEVA DE 5 REDUCTORES DE VELOCIDAD (TOPES DE PLASTICO) PARA LA COL. SAN SEBASTIAN DEL PROGRAMA ""TU ASAMBLEA DE BARRIO""",ORIGINAL,1,28/05/2012 00:00,,0,0
238,204,AMPLIACION 1,AMPLIACION,1,28/05/2012 00:00,237,1,1
239,205,B-5051-236-6121-H/0201/2012  PROYECTO EJECUTIVO DE PAVIMENTACION DE LA CALLE: LAURELES DE LA FLORIDA TRAMO: DE BLVD. MORELOS A CALLE SELVA COL. RANCHO LA FLORIDA; CALLE CERRO AZUL TRAMO: DE AV. AGRICULTOR A CERRO DE LAS COMADRES COL. SAN ISIDRO,ORIGINAL,1,30/05/2012 00:00,,0,0
240,206,B-5051-236-6121-H/0202/2012  PROYECTO EJECUTIVO DE PAVIMENTACION DE LA CALLE: PAISAJE TRAMO: DE BLVD. MIGUEL HIDALGO A TIRINTO COL. EL PARADOR; CALLE APODACA TRAMO; DE BANGLADESH A VILLA ALDAMA COL. NUEVO LEON; Y CALLE GAMBOA TRAMO: DE HUIMILPAN A PALO ALTO COL. EL PALOTE,ORIGINAL,1,30/05/2012 00:00,,0,0
241,197,B-5051-236-6121-D/0203/2012  PAVIMENTACION DE LA CALLE MAYAGUEZ TRAMO: DE BLVD. MORELOS A GAMBOA INCLUYENDO EL CRUCE DE GAMBOA PARA CONECTAR CON PAVIMENTO EXISTENTE EN MAYAGUEZ COL. EL PALOTE,ORIGINAL,1,30/05/2012 00:00,,0,0
242,197,AMPLIACION 1,AMPLIACION,1,30/05/2012 00:00,241,1,1
243,207,A-1810-329-6151-D/0204/2012  CONSTRUCCION DE PASOS VEHICULARES SOBRE EL RIO EN LA COMUNIDAD SAN ANTONIO DE PADUA Y EL REVESTIMIENTO Y MANTENIMIENTO DEL CAMINO AL PEDREGOSO,ORIGINAL,1,30/05/2012 00:00,,0,0
244,208,C-2510-611-6141-D/0205/2012  PAVIMENTACION DE LA CALLE JEREZ DE GOMERA TRAMO: DE VALLE DE SANTIAGO A TINTO COL. JEREZ DE LA LUZ,ORIGINAL,1,30/05/2012 00:00,,0,0
245,208,AMPLIACION 1,AMPLIACION,1,30/05/2012 00:00,244,1,1
246,218,C-2510-606-6141-D/0206/2012  PAVIMENTACION DE LA CALLE CERRO DE LA BUFA TRAMO: DE CERRO DE SAN MIGUEL A CERRO DEL GIGANTE COL. CERRITO DE JEREZ,ORIGINAL,1,30/05/2012 00:00,,0,0
247,209,C-2510-611-6141-D/0207/2012  PAVIMENTACION DE LA CALLE PRESA IXTAPANGO TRAMO: PRESA ALLENDE A PRESA SARDENETA COL. PRESITAS DEL CONSUELO,ORIGINAL,1,31/05/2012 00:00,,0,0
248,210,"E-2310-700-3591-G/0208/2012  MANTENIMIENTO INTEGRAL DE PARQUES Y JARDINES BOULEVARES NUEVOS LEON, GTO.",ORIGINAL,1,30/05/2012 00:00,,0,0
249,219,E-2310-700-6591-G/0209/2012  MANTENIMIENTO DE AREAS DE REFORESTACION (PROGRAMA ARBOLIMETRO) PAQ. 2 LEON GTO.,ORIGINAL,1,30/05/2012 00:00,,0,0
250,211,E-2310-700-3591-G/0210/2012  MANTENIMIENTO INTEGRAL DE PARQUES Y JARDINES MEJORA DE PLAZAS EN ZONA URBANA PAQ. 2 LEON GTO,ORIGINAL,1,30/05/2012 00:00,,0,0
251,193,A-2510-315-6141-D/0211/2012  REHABILITACION DE PLATAFORMA DE TEPETATE (DRENES MAMPOSTERIA) EN LA ESC. PRIMARIA SOCRATES CASTELLANOS EN EL FRACC. OBSERVATORIO,ORIGINAL,1,30/05/2012 00:00,,0,0
252,220,"E-2310-700-3591-G/0212/2012  MANTENIMIENTO INTEGRAL DE PARQUES Y JARDINES PARA LA ZONA DE AREAS VERDES DE MINIDEPORTIVAS COMUDE PAQ. 2 LEON, GTO.",ORIGINAL,1,30/05/2012 00:00,,0,0
253,249,"E-2310-700-3591-G/0213/2012  MANTENIMIENTO INTEGRAL DE PARQUES Y JARDINES INSTALACION Y MEJORAMIENTO DE SISTEMAS DE RIEGO LEON, GTO.",ORIGINAL,1,30/05/2012 00:00,,0,0
254,212,"A-2510-302-6121-E/0214/2012  ENMALLADO EN ZONA DE CANCHAS EN AREA DE DONACION, COL. SAN JOSE DEL CONSUELO; CONSTRUCCION DE MESAS, BANQUETAS Y FIRMES EN LA ESCUELA PRIMARIA URBANA NO. 46 ""EYUPOL"" COL. EYUPOL",ORIGINAL,1,30/05/2012 00:00,,0,0
255,213,A-2510-302-6121-E/0215/2012  REPARACION DE PATIO CIVICO EN LA ESC. PRIMARIA BENITO JUAREZ COL. COECILLO,ORIGINAL,1,30/05/2012 00:00,,0,0
256,213,AMPLIACION 1,AMPLIACION,1,30/05/2012 00:00,255,1,1
257,214,A-2510-405-2461-E/0216/2012  INSTALACION DE ALUMBRADO PUBLICO EN DISTINTOS PUNTOS DE LA CIUDAD LEON,ORIGINAL,1,30/05/2012 00:00,,0,0
258,215,B-5051-236-6121-H/0217/2012  PROYECTO EJECUTIVO DE PAVIMENTACION DE LA CALLE: FLOR DE SAN JUAN TRAMO: PASEO DE LA PRESA A RIO DE LOS CASTILLOS COL. VALLE HERMOSO,ORIGINAL,1,30/05/2012 00:00,,0,0
259,216,"A-1810-354-6141-D/0218/2012  OBRAS DE CONTENCIàN, LIMPIEZA, DESAZOLVE Y REPARACION DE ELEMENTOS ESTRUCTURALES EN ARROYOS DE LA CIUDAD",ORIGINAL,1,30/05/2012 00:00,,0,0
260,217,A-1910-349-6141-D/0219/2012  LIMPIEZA Y DESAZOLVE DE ARROYOS DE LA CIUDAD,ORIGINAL,1,30/05/2012 00:00,,0,0
261,198,A-5019-356-6221-H/0220/2012  PROYECTO DE LAS OFICINAS DEL INSTITUTO DE LA MUJER,ORIGINAL,1,30/05/2012 00:00,,0,0
262,199,A-2510-315-6141-H/0221/2012  ELABORACION DE BASE DE DATOS SISCOM 2012 - LEON,ORIGINAL,1,30/05/2012 00:00,,0,0
263,194,A-5017-6221-E/0222/2012  CONSTRUCCION DEL EDIFICIO DEL INSTITUTO MUNICIPAL DE VIVIENDA (1RA. ETAPA) LEON,ORIGINAL,1,30/05/2012 00:00,,0,0
264,224,A-2510-315-6141-D/0223/2012  REMODELACION EN AREA ADMINISTRATIVA EDIFICO DE OBRAS PUBLICAS LEON,ORIGINAL,1,30/05/2012 00:00,,0,0
265,225,C-2510-606-6121-D/0224/2012  PAVIMENTACION DE LA CALLE TERCERA ORDEN TRAMO: DE AV. OLIMPICA A PEDRO BERNARDONE COL. AMPLIACION SAN FRANCISCO,ORIGINAL,1,30/05/2012 00:00,,0,0
266,227,A-2510-315-6141-H/0225/2012  PLAN MAESTRO URBANO PAISAJISTA DEL PARQUE HIDALGO LEON,ORIGINAL,1,30/05/2012 00:00,,0,0
267,229,B-5051-236-6121-D/0226/2012  PAVIMENTACION DE LA CALLE ANTONIO BARROSO TRAMO: DE MARIANO ESCOBEDO - CEFERINO ORTIZ COL. LEON II,ORIGINAL,1,30/05/2012 00:00,,0,0
268,228,A-2510-315-6141-H/0227/2012  PROYECTO EJECUTIVO DE LA DEPORTIVA METROPOLITANA. LEON,ORIGINAL,1,30/05/2012 00:00,,0,0
269,250,G-2110-300-6121-E/0228/2012  RESTAURACION DE LA FACHADA DEL MERCADO LA LUZ. LEON,ORIGINAL,1,30/05/2012 00:00,,0,0
270,250,AMPLIACION 1,AMPLIACION,1,30/05/2012 00:00,269,1,1
271,230,A-2510-315-6141-E/0229/2012  TRABAJOS COMPLEMENTARIOS PARA LA SUBCOMANDANCIA DE SEGURIDAD PUBLICA (MEJORAMIENTO) UBICADA AL PONIENTE DE LA CIUDAD EN EL BLVD. JUAN ALONSO DE TORRES COL. PILETAS IV,ORIGINAL,1,30/05/2012 00:00,,0,0
272,263,C-2510-606-6121-D/0230/2012  PAVIMENTACION DE LA CALLE CERRO DE TANCITARO TRAMO: DE JEREZ DE CARTAGENA A CERRO DE LA BUFA COL. CERRITO DE JEREZ,ORIGINAL,1,30/05/2012 00:00,,0,0
273,196,"G-2510-814-6121-D/0231/2012  CONSTRUCCION DEL PUENTE PEATONAL EN LA CALLE OLIMPICA SOBRE EL BLVD MORELOS EN EL MUNICIPIO DE LEON, GTO.",ORIGINAL,1,08/06/2012 00:00,,0,0
274,231,H-1910-901-6111-D/0232/2012  PAVIMENTACION CON CONCRETO HIDRAULICO DE LA CALLE KABAH TRAMO: DERBY A AREA DE DONACION COL. EL POCHOTE,ORIGINAL,1,12/06/2012 00:00,,0,0
275,231,AMPLIACION 1,AMPLIACION,1,12/06/2012 00:00,274,1,1
276,231,AMPLIACION 2,AMPLIACION,1,12/06/2012 00:00,274,2,2
277,222,H-1910-901-6111-D/0233/2012  PAVIMENTACION DE CONCRETO HIDRAULICO DE LA CALLE VALLE DE MESOREA TRAMO: DE VALLE JORDAN A VALLE DE CABUERIGA COL. VALLE DE SAN JOSE,ORIGINAL,1,12/06/2012 00:00,,0,0
278,226,H-1910-901-6111-D/0234/2012  PAVIMENTACION DE CONCRETO HIDRAULICO DE LA CALLE SAN JOSE DEL REFUGIO TRAMO: DEL BLVD. TIMOTEO LOZANO SAN JOSE DE ACATEMPA COL. REFUGIO DE SAN JOSE,ORIGINAL,1,12/06/2012 00:00,,0,0
279,232,H-1910-901-6111-D/0235/2012  PAVIMENTACION DE OCNCRETO HIDRAULICO DE LA CALLE NOPAL DE MEDINA TRAMO: DE SALTILLO A ZARZAL DE MEDINA COL. MEDINA,ORIGINAL,1,12/06/2012 00:00,,0,0
280,232,AMPLIACION 1,AMPLIACION,1,12/06/2012 00:00,279,1,1
281,233,"A-2510-338-6141-C/0236/2012  REHABILITACION DE PAVIMENTOS EN DIFERENTES TRAMOS: BLVD. FRANCISCO VILLA, MALECON DEL RIO, BLVD ALONSO DE TORRES, LEON",ORIGINAL,1,13/06/2012 00:00,,0,0
282,221,G-2110-300-6121-E/0237/2012  REHABILITACION DE INSTALACIONES ELECTRICAS EN EL MERCADO SAN FELIPE DE JESUS LEON,ORIGINAL,1,30/05/2012 00:00,,0,0
283,221,AMPLIACION 1,AMPLIACION,1,30/05/2012 00:00,282,1,1
284,234,H-1910-901-6141-D/0238/2012  PAVIMENTACION CON CONCRETO HIDRAULICO DE LA AV. DE LA MORADA (LADO PONIENTE) TRAMO: DE CRUCIFIXION A BLVD. TIMOTEO LOZANO COL. VILLAS DE LEON,ORIGINAL,1,22/06/2012 00:00,,0,0
285,234,AMPLIACION 1,AMPLIACION,1,22/06/2012 00:00,284,1,1
286,235,H-1910-901-6141-D/0239/2012  PAVIMENTACION CON CONCRETO HIDRAULICO DE LA CALLE CARLOS MARIA BUSTAMANTE TRAMO: CALLE ROA BARCENAS A JOAQUIN VILLALOBOS COL. PERIODISTAS MEXICANOS,ORIGINAL,1,22/06/2012 00:00,,0,0
287,235,AMPLIACION 1,AMPLIACION,1,22/06/2012 00:00,286,1,1
288,236,H-1910-901-6141-D/0240/2012-1  PAVIMENTACION CON CONCRETO HIDRAULICO DE LA CALLE RAMON RAMIREZ TRAMO: BLVD. LAS TORRES A CALLE FRANCISCO VALLEJO COL. LEON I,ORIGINAL,1,22/06/2012 00:00,,0,0
289,236,H-1910-901-6141-D/0240/2012-2  PAVIMENTACION CON CONCRETO HIDRAULICO DE LA CALLE PERFECTO ARANDA TRAMO: ENRIQUE GOMEZ GUERRA A FRANCISCO BRIONES COL. LEON I,ORIGINAL,1,22/06/2012 00:00,,0,0
290,223,G-2110-300-6121-E/0242/2012  TRABAJOS COMPLEMENTARIOS DE LA MODERNIZACION DEL MERCADO LAS AMERICAS 2DA. ETAPA LEON,ORIGINAL,1,22/06/2012 00:00,,0,0
291,237,A-2810-210-3321-H/0243/2012  DICTAMENES Y LEVANTAMIENTOS ARQUITECTONICOS DE VARIOS EDIFICIOS DE LA CD.,ORIGINAL,1,28/06/2012 00:00,,0,0
292,238,A-2510-321-6141-D/0244/2012  PAVIMENTACION DE LA CALLE GRANATE TRAMO: CALLE CORAL A CALLE PERLA FRACCIONAMIENTO GUADALUPE,ORIGINAL,1,28/06/2012 00:00,,0,0
293,239,C-2510-606-6121-D/0245/2012  PAVIMENTACION DE LA CALLE MARTIRES DE TLATELOLCO TRAMO: DE 14 DE MAYO A CALLE 26 DE AGOSTO COL. MORELOS,ORIGINAL,1,28/06/2012 00:00,,0,0
294,240,C-2510-606-6121-D/0246/2012  PAVIMENTACION DE LA CALLE RAMON RAMIREZ TRAMO: DE BLVD. TELLEZ CRUCES A ANTONIO HERNANDEZ COL. LEON 1,ORIGINAL,1,28/06/2012 00:00,,0,0
295,241,H-1910-901-6141-D/0247/2012  PAVIMENTACION DE CONCRETO HIDRAULICO DE LA CALLE JOSE MANUEL SOMERA TRAMO: BLVD. MARIANO ESCOBEDO A BLVD. LEON II COL. LEON II,ORIGINAL,1,29/06/2012 00:00,,0,0
296,242,H-1910-901-6141-D/0248/2012  PAVIMENTACION DE CONCRETO HIDRAULICO DE LA CALLE PIRUL DE MEDINA TRAMO: DE SOLIDARIDAD A ARROYO COL. MEDINA,ORIGINAL,1,29/06/2012 00:00,,0,0
297,243,H-1910-901-6141-D/0249/2012  PAVIMENTACION CON CONCRETO HIDRAULICO DE LA CALLE CECILIO ESTRADA TRAMO: ENRIQUE GOMEZ GUERRA A FRANCISCO BRIONES COL. LEON I,ORIGINAL,1,29/06/2012 00:00,,0,0
298,244,H-1910-901-6141-D/0250/2012  PAVIMENTACION DE CONCRETO HIDRAULICO DE LA CALLE SAUZ DE MEDINA TRAMO: DE SOLIDARIDAD A CALLE HUESO COL. MEDINA,ORIGINAL,1,29/06/2012 00:00,,0,0
299,251,B-5051-236-6121-D/0251/2012  PAVIMENTACION DE LA CALLE TANTALIO TRAMO: DE NITROGENO A CALLE OXIGENO COL. VALLE DE SE¥ORA,ORIGINAL,1,03/07/2012 00:00,,0,0
300,245,H-1910-901-6141-D/0252/2012  PAVIMENTACION DE CONCRETO HIDRAULICO DE LA CALLE CA¥ADA DE LOS SANTOS TRAMO: SALTILLO (FRANCISCO VILLA) A CA¥ADA DE LOS MARTIRES COL. MARAVILLAS II,ORIGINAL,1,04/07/2012 00:00,,0,0
301,246,H-1910-901-6141-E/0253/2012  AMPLIACION DEL CDC EN LA COLONIA VALLE DE SAN JOSE (5TA. ETAPA) VALLE DE IRTICH S/N ESQ. VALLE DE FINALLEDO COL. VALLE DE SAN JOSE,ORIGINAL,1,04/07/2012 00:00,,0,0
302,247,H-1910-901-6141-E/0254/2012  AMPLIACION DEL CDC EN LA COLONIA ERMITA ( 5A. ETAPA ) CALLE DELOS ESQ. QUIO COL. ERMITA,ORIGINAL,1,04/07/2012 00:00,,0,0
303,247,AMPLIACION 1,AMPLIACION,1,04/07/2012 00:00,302,1,1
304,264,A-2510-315-6141-D/0255/2012  TRABAJOS DE LIMPIEZA DEL RIO TURBIO Y ESTABILIZACION DE TALUDES PARA PREVENCION DE INUNDACIONES VARIOS TRAMOS: DE LA COMUNIDAD DE ESTANCIA DE VAQUERIAS A PUERTAS DE SAN GERMAN Y SAANTA ROSA PLAN DE AYALA LEON,ORIGINAL,1,04/07/2012 00:00,,0,0
305,265,A-2510-302-6121-E/0256/2012  INSTALACION DE PROTECCIONES EN VIA PUBLICA EN PASILLOS DE LA COL. REAL DE LEON VIBAR,ORIGINAL,1,11/07/2012 00:00,,0,0
306,248,H-1910-900-6141-E/0257/2012  PLAZA COMUNITARIA EN LA COLONIA REVOLUCION UBICADA EN LBVD. VASCO DE QUIROGA S/N COL. REVOLUCION,ORIGINAL,1,11/07/2012 00:00,,0,0
307,248,AMPLIACION 1,AMPLIACION,1,11/07/2012 00:00,306,1,1
308,253,C-2510-610-6141-C/0258/2012  REVESTIMIENTO DE LA CALLE RODOLFO PADILLA TRAMO: DE BLVD. JUAN ALONSO DE TORRES A CALLE ARTURO VILLEGAS LEON I,ORIGINAL,1,11/07/2012 00:00,,0,0
309,254,C-2510-610-6141-C/0259/2012  REHABILITACION DE LOS PAVIMENTOS DE LA CALLE JEREZ DE CARTAGENA TRAMO: DE SIERRA GORDA A BALCON DE POPOCATEPETL LEON,ORIGINAL,1,11/07/2012 00:00,,0,0
310,259,C-2510-610-6141-C/0260/2012  REHABILITACION DE LOS PAVIMENTOS DE LA CALLE BALCON DE LAS MARIPOSAS TRAMO: DE BALCON DE LAS GAVIOTAS A BALCON DE LOS RUISE¥ORES LEON,ORIGINAL,1,11/07/2012 00:00,,0,0
311,260,C-2510-610-6141-C/0261/2012  REHABILITACION DE LOS PAVIMENTOS DE LA CALLE MARCEL TRAMO: DE BLVD. ARISTOTELES A CALLE FROMM LEON,ORIGINAL,1,11/07/2012 00:00,,0,0
312,255,C-2510-610-6141-C/0262/2012  REHABILITACION DE LOS PAVIMENTOS DE LA AV. AMAZONAS TRAMO: DE CALLE DERBY A CUENCA FLORIDA LEON,ORIGINAL,1,11/07/2012 00:00,,0,0
313,268,C-2510-610-6141-C/0263/2012  REVESTIMIENTO DE LA CALLE UNIVERSALIDAD CRISTIANA TRAMO: DE CALLE HEBEREOS A CALLE CORINTO LEON,ORIGINAL,1,11/07/2012 00:00,,0,0
314,269,C-2510-610-6141-C/0264/2012  REHABILITACION DE LOS PAVIMENTOS DE LA CALLE CRUCIFIXION TRAMO: DE BLVD. PASEO DE JEREZ A CASCADA DE REGLA LEON,ORIGINAL,1,11/07/2012 00:00,,0,0
315,261,C-2510-610-6141-C/0265/2012  REVESTIMIENTO DEL BLVD. HACIENDAS DE LEON TRAMO: DE AV. OLIMPICA A CALLE BAHIA DE SAN JUAN LEON,ORIGINAL,1,11/07/2012 00:00,,0,0
316,262,C-2510-610-6141-C/0266/2012  REHABILITAICON DE LOS PAVIMENTOS DE LA CALLE SAN FRANCISCO DE ASIS TRAMO: DE CALLE MISION EVANGELICA A BLVD. TELLEZ CRUCES LEON,ORIGINAL,1,11/07/2012 00:00,,0,0
317,256,C-2510-610-6141-C/0267/2012  REVESTIMIENTO DEL CAMINO AL OJO DE AGUA TRAMO: DE MANANTIAL DEL MISSISIPI A CALLE DEL SILENCIO LEON,ORIGINAL,1,11/07/2012 00:00,,0,0
318,257,C-2510-610-6141-C/0268/2012  REVESTIMIENTO DEL BLVD. GUANAJUATO TRAMO: CALLE MARQUEZ A RODOLFO PADILLA LEON,ORIGINAL,1,11/07/2012 00:00,,0,0
319,258,C-2510-610-6141-C/0269/2012  REVESTIMIENTO DE LA AV. CIUDAD ASIS TRAMO: DE BLVD. SAN NICOLAS A CALLE DE SANTA MONICA LEON,ORIGINAL,1,11/07/2012 00:00,,0,0
320,252,A-5012-331-6121-E/0270/2012  ADECUACION DE CENTRO GERONTOLOGICO DEL DIF 2DA. ETAPA LEON,ORIGINAL,1,16/07/2012 00:00,,0,0
321,266,A-2510-315-6141-E/0271/2012  RED DE ALUMBRADO PUBLICO SUBTERRANEA NUEVA PARA UN JARDIN EXISTENTE ENTRE LA AV. PANORAMA Y CALLE VALLE DE LOS OLIVOS EN LA COL. VALLE DEL CAMPESTRE,ORIGINAL,1,12/07/2012 00:00,,0,0
322,266,AMPLIACION 1,AMPLIACION,1,12/07/2012 00:00,321,1,1
323,270,C-2510-606-6121-D/0272/2012  PAVIMENTACION DE LA CALLE MADRE GLORIA TRAMO: DE MADRE SIERRA A BLVD. ATOTONILCO COL. DIEZ DE MAYO,ORIGINAL,1,12/07/2012 00:00,,0,0
324,267,A-2510-315-6141-D/0273/2012  CONSTRUCCION DE PASEO DE SERVIDUMBRE SOBRE LO QUE SERA LA CALLE GRAN BAHIA TRAMO: DE BLVD. HACIENDAS DEL MOLINO A BLVD. AMAZONAS LEON,ORIGINAL,1,18/07/2012 00:00,,0,0
325,271,A-2510-315-6141-E/0275/2012  ADECUACION Y REHABILITACION DE ACCESO ENTRE LOS MERCADOS COMONFORT ZAPATERO Y EX ESTACIONAMIENTO COMONFORT LEON,ORIGINAL,1,18/07/2012 00:00,,0,0
326,272,H-1910-901-6141-D/0276/2012  PAVIMENTACION CON CONCRETO HIDRAULICO DE LA CALLE OCALO DE MEDINA TRAMO: DE SOLIDARIDAD A ARROYO COL. MEDINA,ORIGINAL,1,20/07/2012 00:00,,0,0
327,273,B-5051-236-6121-D/0277/2012  PAVIMENTACION DE LA CALLE ANDA TRAMO: DE PIPILA A VENUS COL. OBRERA,ORIGINAL,1,20/07/2012 00:00,,0,0
328,274,A-2110-314-6141-E/0278/2012  LETRERO PARA LA PLAZA S.S. BENEDICTO XVI LEON,ORIGINAL,1,20/07/2012 00:00,,0,0
329,275,A-2110-313-6141-E/0279/2012  PINTURA Y RESANES EN FACHADA DE LA CALLE 27 DE SEPTIEMBRE TRAMO: LOPEZ MATEOS Y CONSTANCIA COL. OBREGON,ORIGINAL,1,24/07/2012 00:00,,0,0
330,276,G-2510-813-6141-D/0280/2012  CONSTRUCCION DE MEJORAS A CICLOFERICO BLVD. LOPEZ MATEOS TRAMO: DE BLVD. JOSE MARIA MORELOS A BLVD JUAN ALONSO DE TORRES LEON,ORIGINAL,1,30/07/2012 00:00,,0,0
331,277,G-2510-813-6141-D/0281/2012  CONSTRUCCION DE MEJORAS A CICLOFERICO BLVD. JOSE MARIA MORELOS TRAMO: DE BLVD. HIDALGO A MONUMENTO A LA FAMILIA APROX. LEON,ORIGINAL,1,30/07/2012 00:00,,0,0
332,278,H-2510-922-6141-D/0282/2012  PAVIMENTACION DE LA CALLE EJERCITO CONSTITUCIONALISTA TRAMO: LEVANTAMIENTO REVOLUCIONARIO A ATOTONILCO COL. LA LIBERTAD,ORIGINAL,1,30/07/2012 00:00,,0,0
333,279,H-2510-922-6141-D/0283/2012  PAVIMENTACION DE LA CALLE VIA MANZANARES TRAMO: DE CIMA  A DEL  VALLE COL. PARQUE MANZANARES,ORIGINAL,1,30/07/2012 00:00,,0,0
334,279,AMPLIACION 1,AMPLIACION,1,30/07/2012 00:00,333,1,1
335,280,H-2510-922-6141-D/0284/2012  PAVIMENTACION DE LA CALLE FRESNO TRAMO: GUTY CARDENAS A ROSSINI COL. ARBOLEDAS DE INFONAVIT,ORIGINAL,1,30/07/2012 00:00,,0,0
336,281,H-2510-922-6141-D/0285/2012  PAVIMENTACION DE LA CALLE MINA DEL CAPOTE TRAMO: TIMOTEO LOZANO A TOPAR CON LINDERO SUR COL. LA LIBERTAD,ORIGINAL,1,30/07/2012 00:00,,0,0
337,285,A-2510-320-6141-H/0286/2012  PROYECTO EJECUTIVO PARA LA CONSTRUCCION DE LOCALES COMERCIALES AFECTADOS POR EL BLVD. MORELOS LEON,ORIGINAL,1,30/07/2012 00:00,,0,0
338,282,A-2510-315-6141-H/0287/2012  AMPLIACION DE LA DIVISION DE CIENCIAS EN INGENIERIA DE LA UNIVERSIDAD DE GUANAJUATO CAMPUS LEON UBICADA EN LOMA DEL BOSQUE # 103 COL. LOMAS DEL CMAPESTRE,ORIGINAL,1,02/08/2012 00:00,,0,0
339,286,"A-2510-315-6141-D/0288/2012  CONSTRUCCION DEL ESTACIONAMIENTO EN EL PREDIO ""EL TLACUACHE"" DONDE SE UBICAN LOS EDIFICIOS DE OBRA PUBLICA, DESARROLLO URBANO E IMPLAN",ORIGINAL,1,02/08/2012 00:00,,0,0
340,287,A-2510-315-6141-H/0289/2012  NOTA TECNICA PARA LA JUSTIFICACION ECONOMICA RAMO 23 PARA EL PUENTE VEHICULAR HACIENDA ARRIBA Y LA CONSTRUCCION DE LA DEPORTIVA NORTE EN LA CIUDAD DE LEON,ORIGINAL,1,06/08/2012 00:00,,0,0
341,288,H-2510-922-6141-D/0291/2012  PAVIMENTACION DE LA CALLE ABEDUL TRAMO: DE ENCINO - SAN ROMAN COL. ARBOLEDAS DE INFONAVIT,ORIGINAL,1,06/08/2012 00:00,,0,0
342,398,B-5051-236-6121-D/0292/2012  PAVIMENTACION DE LA CALLE NEVADO DE COLIMA TRAMO: CHINCHONAL A HILARIO MEDINA COL. LA CARMONA,ORIGINAL,1,06/08/2012 00:00,,0,0
343,398,AMPLIACION 1,AMPLIACION,1,06/08/2012 00:00,342,1,1
344,289,B-5051-236-6121-D/0293/2012  PAVIMENTACION DE LA CALLE TRES TRAMO: DE PAV. EXISTENTE A CALLE LOMERIA MAS 14 MTS. COL. CHULAVISTA,ORIGINAL,1,06/08/2012 00:00,,0,0
345,303,G-2510-813-6141-D/0294/2012  PAVIMENTACION DE LA CALLE VALLE DE SANTA MARIA TRAMO: ASIS-VALLE DE LA LUZ COL. VALLE DE LA LUZ,ORIGINAL,1,06/08/2012 00:00,,0,0
346,290,"A-2110-314-6141-E/0295/2012  CABLEADO DE LA RED DE ALUMBRADO PUBLICO BOLARDOS Y COLOCACION DE POSTES DE CALLE 27 DE SEPTIEMBRE, CALLE CONSTANCIA, CALLE AQUILES SERDAN TRAMOS: DE RAYON - CONSTANCIA; DE ALFARO - AQUILES SERDAN; DE OCNSTANCIA - MERCEDES; ZONA CENTRO",ORIGINAL,1,06/08/2012 00:00,,0,0
347,290,AMPLIACION 1,AMPLIACION,1,06/08/2012 00:00,346,1,1
348,291,G-2510-813-6141-D/0296/2012  CONSTRUCCION DE MEJORAS A CICLOFERICO BLVD. MIGUEL DE CERVANTES SAAVEDRA Y BLVD. MANUEL DE AUSTRI TRAMO: DE AV. DEL CANAL A BLVD. SAN JUAN BOSCO LEON,ORIGINAL,1,07/08/2012 00:00,,0,0
349,297,G-2510-813-6141-D/0297/2012  CONSTRUCCION DE MEJORAS A CICLOFERICO BLVD. JUAN ALONSO DE TORRES TRAMO: DE BLVD. JOSE MARIA MORELOS A AV. UNIVERSIDAD LEON,ORIGINAL,1,07/08/2012 00:00,,0,0
350,284,A-2110-313-6141-E/0298/2012  RESTAURACION DE FACHADAS CATALOGADAS POR EL INAH EN CALLE 27 DE SEPTIEMBRE LEON,ORIGINAL,1,07/08/2012 00:00,,0,0
351,283,B-5051-236-6121-D/0299/2012  PAVIMENTACION DE LA CALLE GONZALO CURIEL TRAMO: DE BLVD. MARIANO ESCOBEDO - CLEMENTE AGUIRRE COL. SAN MARCOS,ORIGINAL,1,07/08/2012 00:00,,0,0
352,283,AMPLIACION 1,AMPLIACION,1,07/08/2012 00:00,351,1,1
353,292,G-2510-813-6141-D/0300/2012  CONSTRUCCION DE MEJORAS A CICLOFERICO SEMAFORIZACION BLVD. ADOLFO LOPEZ  MATEOS INTERSECCIONES CON CALLE ESPUELA Y CON AV. HACIENDAS DEL ROSARIO LEON.,ORIGINAL,1,07/08/2012 00:00,,0,0
354,293,G-2510-813-6141-D/0301/2012  PAVIMENTACION DE LA CALLE REALES DE KANSAS TRAMO: RIELEROS - DIABLOS ROJOS COL. DEPORTIVA II,ORIGINAL,1,07/08/2012 00:00,,0,0
355,294,B-5051-236-6121-D/0302/2012  PAVIMENTACION  DE LA CALLE PENSAMIENTO TRAMO: DE HEROES DE LA INDEPENDENCIA - TOPAR COL.  SAN PEDRO DE LOS HERNANDEZ,ORIGINAL,1,08/08/2012 00:00,,0,0
356,295,H-2510-922-6141-D/0303/2012  PAVIMENTACION DE LA CALLE CERRO  DE LAS CAMPANAS TRAMO: DE VOLCAN DE JORULLO A CERRO DE LA BUFA COL. CERRITO DE JEREZ,ORIGINAL,1,08/08/2012 00:00,,0,0
357,295,AMPLIACION 1,AMPLIACION,1,08/08/2012 00:00,356,1,1
358,295,AMPLIACION 2,AMPLIACION,1,08/08/2012 00:00,356,2,2
359,296,H-1910-900-6141-E/0304/2012  PLAZA LIBERTAD UBICADO EN TIMOTEO LOZANO S/N COL. LIBERTAD,ORIGINAL,1,08/08/2012 00:00,,0,0
360,317,H-1910-900-6141-E/0305/2012  PARQUE CAMPESTRE DE JEREZ UBICADO EN VALLE ARIZPE S/N COL. CAMPESTRE DE JEREZ,ORIGINAL,1,08/08/2012 00:00,,0,0
361,317,AMPLIACION 1,AMPLIACION,1,08/08/2012 00:00,360,1,1
362,318,A-2510-319-6141-E/0306/2012  EQUIPO ELECTRICO QUE SE INSTALARA EN EL BLVD. ADOLFO LOPEZ MATEOS ESQ. 20 DE ENERO LEON,ORIGINAL,1,10/08/2012 00:00,,0,0
363,298,A-2510-315-6141-E/0307/2012  LINEA AEREA DE ALUMBRADO PUBLICO EN VIALIDAD NUEVA ENTRE CALZADA LOMAS DEL MOLINO Y CALLE AMAZONAS LEON,ORIGINAL,1,10/08/2012 00:00,,0,0
364,309,"A-2510-315-6141-E/0308/2012  REHABILITACION DE ADORNOS ALUSIVOS A LAS FIESTAS PATRIAS Y NAVIDE¥AS, LEON.",ORIGINAL,1,20/08/2012 00:00,,0,0
365,319,G-1910-815-6141-D/0309/2012  PAVIMENTACION DE LA CALLE 2DA. JEREZ DE ARRIBA TRAMO: JEREZ DE CARTAGENA - JEREZ DE FRONTERA COLONIA VALLE DE JEREZ,ORIGINAL,1,20/08/2012 00:00,,0,0
366,319,AMPLIACION 1,AMPLIACION,1,20/08/2012 00:00,365,1,1
367,320,G-1910-815-6141-D/0310/2012  PAVIMENTACION DE LA CALLE LOMA LARGA TRAMO: CERRO DEL SOYATE - CERRO LARGO COLONIA POPULAR POLANCO,ORIGINAL,1,20/08/2012 00:00,,0,0
368,336,G-2510-813-6141-D/0311/2012  PAVIMENTACION DE LA CALLE MARMOLEJO TRAMO: DE LA CALLE CAMPANARIO A SERENATA COL. SAN PEDRO DE LOS HERNANDEZ,ORIGINAL,1,20/08/2012 00:00,,0,0
369,336,AMPLIACION 1,AMPLIACION,1,20/08/2012 00:00,368,1,1
370,337,"G-2510-813-6141-D/0312/2012  CONSTRUCCION DE MEJORAS A CICLOFERICO SEMAFORIZACION DE INTERSECCION BLVD. JOSE MARIA MORELOS CON MONUMENTO A LA FAMILIA APROX BLVD. ADOLFO LOPEZ MATEOS CON BLVD. HACIENDA LOS CARCAMOS, BLVD. JOSE MARIA MORELOS CON BLVD. HIDALGO LEON.",ORIGINAL,1,20/08/2012 00:00,,0,0
371,299,G-2510-813-6141-D/0313/2012  PAVIMENTACION DE LA CALLE CASUARINA TRAMO: BLVD. SAN PEDRO A PASEO LOS VERDINES COL. JARDINES DE JEREZ,ORIGINAL,1,20/08/2012 00:00,,0,0
372,358,C-2510-672-6131-E/0314/2012  MEJORAS DE LAS INSTALACIONES DE ALUMBRADO PUBLICO EN LAS COLONIAS DEL POLIGONO DENOMINADO DIEZ DE MAYO LEON,ORIGINAL,1,20/08/2012 00:00,,0,0
373,300,A-1810-362-6151-D/0315/2012  DEMOLICION Y REPOSICION DE LOSA DE CONCRETO ARMADO DEL PUENTE PASO VEHICULAR EN COMUNIDAD LOSA DE LOS PADRES LEON,ORIGINAL,1,20/08/2012 00:00,,0,0
374,301,A-1810-329-6151-D/0316/2012  REVESTIMIENTO DE LOS CAMINOS DE ACCESO DE LA COMUNIDAD REFUGIO DE ROSAS Y SAN JOSE DEL MALPASO LEON,ORIGINAL,1,20/08/2012 00:00,,0,0
375,331,G-1910-815-6141-D/0317/2012  PAVIMENTACION DE LA CALLE VALLE DE SAN JOSE TRAMO: BLVD. RIO MAYO A VALLE DE JORDAN COL. VALLE DE SAN JOSE,ORIGINAL,1,22/08/2012 00:00,,0,0
376,332,G-1910-815-6141-D/0318/2012  PAVIMENTACION DE LA CALLE LOMAS DE LA PLAZA TRAMO: LOMAS DE LAS PETUNIAS A TOPAR COL. LOMAS DE MEDINA,ORIGINAL,1,22/08/2012 00:00,,0,0
377,332,AMPLIACION 1,AMPLIACION,1,22/08/2012 00:00,376,1,1
378,304,"C-2510-672-6131-E/0319/2012  HABILITADO DE LA RED DE ALUMBRADO PUBLICO DEL FRACC. VILLAS DE SAN JUAN I; AREAS 23,24,25,26,27,28,29,30 Y 31 LEON",ORIGINAL,1,22/08/2012 00:00,,0,0
379,304,AMPLIACION 1,AMPLIACION,1,22/08/2012 00:00,378,1,1
380,338,"A-1910-310-4411-E/0320/2012  RESTAURACION DE SAN FELIPE NERI, LEON",ORIGINAL,1,22/08/2012 00:00,,0,0
381,305,A-2510-315-6141-E/0321/2012  MANTENIMIENTO Y VIGILANCIA DE LA OBRA: OFICINAS ADMINISTRATIVAS DEL DISTRITO DE DESARROLLO RURAL (DDR) 003 SAGARPA (LEON),ORIGINAL,1,20/08/2012 00:00,,0,0
382,310,"G-2510-813-6141-D/0322/2012  TRABAJOS DE JARDINERIA EN PARQUE PANORAMA, LEON",ORIGINAL,1,22/08/2012 00:00,,0,0
383,311,"G-2510-813-6141-D/0323/2012  TRABAJOS DE RIEGO POR ASPERSION, CISTERNAS Y MOBILIARIO URBANO EN PARQUE PANORAMA LEON",ORIGINAL,1,22/08/2012 00:00,,0,0
384,326,G-2510-813-6141-D/0324/2012  PAVIMENTACION DE LA CALLE PAPAGAYO TRAMO: CALLE RIO CONCHOS A RIO TECOLUTLA COL. SAN MIGUEL,ORIGINAL,1,27/08/2012 00:00,,0,0
385,339,A-1199-326-6121-D/0325/2012  CONSTRUCCION DE BANQUETAS EN LA CALLE BOSQUES TRAMO: DE CALLE SAN JUAN A BLVD. VICENTE VALTIERRA COL. EL COECILLO,ORIGINAL,1,23/08/2012 00:00,,0,0
386,359,A-1199-326-6121-D/0326/2012  PLAZA CIVICA DE SAN PEDRO DE LOS HERNANDEZ  Y PLAZA SATELITE DE IRLANDA A MALLORCA COL. SATELITE,ORIGINAL,1,24/08/2012 00:00,,0,0
387,360,A-2210-180-4431-E/0327/2012  REHABILITACION DE SANITARIOS EN DIVERSAS INSTITUCIONES EDUCATIVAS LEON,ORIGINAL,1,24/08/2012 00:00,,0,0
388,312,A-2510-302-6121-E/0328/2012  SUMINISTRO Y COLOCACION DE MALLA CICLONICA EN AREA DEPORTIVA DE LA COMUNIDAD SAN JUAN DE OTATES,ORIGINAL,1,24/08/2012 00:00,,0,0
389,306,C-2510-672-6131-E/0329/2012  MEJORAS DE LAS INSTALACIONES DE ALUMBRADO PUBLICO EN LAS COLONIAS DEL POLIGONO DENOMINADO JACINTO LOPEZ Y PILETAS LEON,ORIGINAL,1,24/08/2012 00:00,,0,0
390,302,H-1910-901-6141-D/0330/2012  PAVIMENTACION CON CONCRETO HIDRAULICO DE LA CALLE VALLE ALMANZO TRAMO: VALLE ARIZPE A CALLE MADRE TIERRA EN LA COL. VALLE DE SAN JOSE,ORIGINAL,1,27/08/2012 00:00,,0,0
391,302,AMPLIACION 1,AMPLIACION,1,27/08/2012 00:00,390,1,1
392,313,H-1910-901-6141-E/0331/2012-1  PAVIMENTACION DE CONCRETO HIDRAULICO DE LA CALLE MADRE ADRIANA EN SU TRAMO: CALLE MADRE TIERRA A MADRE FABIOLA COL. 10 DE MAYO,ORIGINAL,1,27/08/2012 00:00,,0,0
393,313,AMPLIACION 1,AMPLIACION,1,27/08/2012 00:00,392,1,1
394,313,H-1910-901-6141-E/0331/2012-2  PAVIMENTACION DE CONCRETO HIDRAULICO DE LA CALLE DELOS EN SU TRAMO: CALLE EROS A CALLE CORCIRA EN LA COL. ERMITA,ORIGINAL,1,27/08/2012 00:00,,0,0
395,313,AMPLIACION 1,AMPLIACION,1,27/08/2012 00:00,394,1,1
396,314,G-2510-813-6141-D/0332/2012  CONSTRUCCION DE MEJORAS A CICLOFERICO BLVD. VERTIZ CAMPERO Y BLVD. DELTA TRAMO: DE BLVD. JOSE MARIA MORELOS A BLVD. JUAN ALONSO DE TORRES; DE BLVD. LA LUZ A BLVD. LOS GIRASOLES,ORIGINAL,1,27/08/2012 00:00,,0,0
397,323,H-1810-924-6111-E/0333/2012  CONSTRUCCION DE PISO FIRME DE CONCRETO HIDRAULICO HECHO EN OBRA EN LOCALIDADES RURALES LEON,ORIGINAL,1,27/08/2012 00:00,,0,0
398,315,A-1195-335-6191-D/0334/2012  INSTALACION Y ADECUACION DE LOS DISPOSITIVOS VIALES COL. SAN NICOLAS,ORIGINAL,1,24/08/2012 00:00,,0,0
399,362,A-2202-382-H/0335/2012  PROYECTO EJECUTIVO DE BLVD. VICENTE VALTIERRA TRAMO: BLVD. LA LUZ A TAJO DE SANTA ANA LEON,ORIGINAL,1,28/08/2012 00:00,,0,0
400,362,AMPLIACION 1,AMPLIACION,1,28/08/2012 00:00,399,1,1
401,361,"A-2510-323-6141-H/0336/2012  PROYECTO EJECUTIVO DE PAVIMENTACION DE LAS CALLES: ATENCA TRAMO: EROS-BLVD. CLIO COL. LA ERMITA; HACIENDAS EL ROSARIO 1/2 CUERPO TRAMO: B DEL LAGO A B. DE LA BOHEMIA FTE. 302, 304, 314, COL. REAL DEL BOSQUE Y CALLE BONIFACIO COLLAZO TRAMO: JULIAN CARRILLO -CRISTINA ORTEGA COL. CASA BLANCA",ORIGINAL,1,28/08/2012 00:00,,0,0
402,316,C-2510-610-6141-D/0337/2012  PAVIMENTACION DE LA CALLE ALERCE TRAMO: DE ALISOS A CUENCA FLORIDA COL. SAN NICOLAS DEL PALOTE,ORIGINAL,1,28/08/2012 00:00,,0,0
403,307,C-2510-672-6131-E/0338/2012  DIFERENTES TRABAJOS DE ALUMBRADO PUBLICO POLIGONOS DE POBREZA (BLVD. SAN JUAN BOSCO Y RIZOS DEL SAUCILLO) DE LA CIUDAD DE LEON GTO.,ORIGINAL,1,28/08/2012 00:00,,0,0
404,340,C-2510-672-6131-E/0339/2012  MEJORAS DE LAS INSTALACIONES DE ALUMBRADO PUBLICO EN LAS COLONIAS DEL POLIGONO DENOMINADO MEDINA Y CASTILLO LEON,ORIGINAL,1,28/08/2012 00:00,,0,0
405,334,C-2510-610-6141-D/0340/2012  PAVIMENTACION DE LA CALLE JEREZ DE NAVARRA TRAMO: JEREZ DE SEVILLA A VALLE DE SANTIAGO COL. JESUS MARIA,ORIGINAL,1,28/08/2012 00:00,,0,0
406,308,"A-2510-323-6141-H/0341/2012  PROYECTO EJECUTIVO DE PAVIMENTACION DE LAS CALLES: BALCON DE POPOCATEPETL TRAMO: CERRO DE LA BUFA - CASCADA DE REGLA COL. BALCONES DE JEREZ, CERRO DE LA BUFA TRAMO: CIMATORIO - BUFAS DE ZACATECAS COL. LOMAS DE JEREZ; AV. PASEO DE LAS LIEBRES TRAMO: JARDIN DEP INOS - PAV. EXISTENTE COL. SAN ISIDRO DE JEREZ: VILLAS DE LEON ORIENTE TRAMO: DEL PARQUE - DEL BARRIO; DE LA ALDEA TRAMO: DEL PABELLON - CRUCIFIXION COL. VILLAS DE LEON; Y JEREZ DE BLANES TRAMO: JEREZ DE LA FRONTERA - JEREZ DE GRANADA COL. VALLE DE JEREZ.",ORIGINAL,1,28/08/2012 00:00,,0,0
407,322,A-2510-323-6141-H/0342/2012  PROYECTO EJECUTIVO DE PAVIMENTACION DE LAS CALLES: POTRILLO TRAMO: PASEO DE LA PRESA-FRENTE AL 130 COL. TIRITAS III; CASTILLO ABAJO TRAMO: BLVD. HIDALGO-TIRINTO COL. ARBOLEDAS DE LOS CASTILLOS; Y PRIV. AFRICA DEL NORTE TRAMO: CABO DEL NORTE-CANAL DEL NORTE COL. LA NORTE¥A,ORIGINAL,1,28/08/2012 00:00,,0,0
408,368,B-5051-236-6121-D/0343/2012  PAVIMENTACION DE LA CALLE PLAN DE GUADALUPE TRAMO: BLVD. OBRERO MUNDIAL CON ANDADOR COL.LAS MANDARINAS,ORIGINAL,1,28/08/2012 00:00,,0,0
409,354,H-2510-922-6141-D/0344/2012  PAVIMENTACION DE LA CALLE LEVANTAMIENTO REVOLUCIONARIO TRAMO: TIMOTEO LOZANO A TOPAR CON LINDERO SUR COL. LIBERTAD,ORIGINAL,1,29/08/2012 00:00,,0,0
410,346,"H-2510-922-6141-D/0345/2012-1  PAVIMENTACION DE LA CALLE COCOTERO TRAMO:DE CEDRO A GUAYABO,COL. LAS ARBOLEDAS DEL INFONAVIT",ORIGINAL,1,29/08/2012 00:00,,0,0
411,346,AMPLIACION 1,AMPLIACION,1,29/08/2012 00:00,410,1,1
412,346,H-2510-922-6141-D/0345/2012-2  PAVIMENTACION DE LA CALLE RICARDO PALMERIN TRAMO:ROBLE A FRESNO COL. ARBOLEDAS ARBOLEDAS DE INFONAVIT,ORIGINAL,1,29/08/2012 00:00,,0,0
413,327,H-2510-922-6141-D/0346/2012-1  PAVIMENTACION DE LA CALLE MINA LA DEMOCRATA TRAMO: TIMOTEO LOZANO A CONGRESO CONSTITUYENTE COL. LA LIBERTAD,ORIGINAL,1,29/08/2012 00:00,,0,0
414,327,H-2510-922-6141-D/0346/2012-2  PAVIMENTACION DE LA CALLE MUNICIPIO LIBRE TRAMO: H. AYUNTAMIENTO A CORREGIDORA COL. LA LIBERTAD,ORIGINAL,1,29/08/2012 00:00,,0,0
415,347,H-1910-922-6141-D/0347/2012  PAVIMENTACION DE LA CALLE ARTICULO 123 TRAMO: H. AYUNTAMIENTO A CORREGIDORA COL. LA LIBERTAD,ORIGINAL,1,29/08/2012 00:00,,0,0
416,341,H-1910-922-6141-D/0348/2012  PAVIMENTACION DE LA CALLE BALCON DE LAS GRAJILLAS TRAMO: DE BLVD. BALCON DE LA JOYA A CALLE BALCON DE LOS CORMURANES COL. BALCONES DE LA JOYA,ORIGINAL,1,29/08/2012 00:00,,0,0
417,341,AMPLIACION 1,AMPLIACION,1,29/08/2012 00:00,416,1,1
418,348,H-1910-922-6141-D/0349/2012  PAVIMENTACION DE LA CALLE FRAY VICTOR TRAMO: DE AV. OLIMPICA-FRAY NOE COL. AMPLIACION SAN FRANCISCO,ORIGINAL,1,29/08/2012 00:00,,0,0
419,348,AMPLIACION 1,AMPLIACION,1,29/08/2012 00:00,418,1,1
420,349,H-1910-922-6141-D/0350/2012  PAVIMENTACION DE LA CALLE SAUCE TRAMO: DE CALLE CAOBA A CALLE MANZANO COL. ARBOLEDAS DE INFONAVIT,ORIGINAL,1,29/08/2012 00:00,,0,0
421,350,H-1910-922-6141-D/0351/2012  PAVIMENTACION DE LA CALLE SANTA ROSALIA TRAMO: DE CALLE LA FLORIDA A CALLE SAN MARCOS COL. LA FLORIDA,ORIGINAL,1,29/08/2012 00:00,,0,0
422,381,B-5051-236-6121-D/0352/2012  PAVIMENTACION DE LA CALLE RIO CHAPINGO TRAMO: DE BLVD. TORRES LANDA A CALLE RIO GUANAJUATO COL. SAN MIGUEL,ORIGINAL,1,28/08/2012 00:00,,0,0
423,365,B-5051-236-6121-D/0353/2012  PAVIMENTACION DE LA CALLE NARDOS TRAMO: DE ORQUIDEAS- TOPAR CON AFECTACION COL. JARDINES DE JEREZ,ORIGINAL,1,28/08/2012 00:00,,0,0
424,353,H-1910-901-6141-D/0354/2012-1  PAVIMENTACION DE LA CALLE CERRO HERMOSO TRAMO: DE CERRO DEL CUBO A CERRO DE LOS MILAGROS COL. ARBOLEDAS DE LOS CASTILLOS,ORIGINAL,1,29/08/2012 00:00,,0,0
425,353,H-1910-901-6141-D/0354/2012-2  PAVIMENTACION DE LA CALLE MADRE ALEJANDRA TRAMO: DE CALLE MADRE TIERRA A CALLE MADRE FABIOLA  COL. UNION OBRERA,ORIGINAL,1,29/08/2012 00:00,,0,0
426,324,H-1910-913-6111-E/0355/2012  SUMINISTRO Y COLOCACION DE PISO FIRME EN ZONA URBANA,ORIGINAL,1,30/08/2012 00:00,,0,0
427,324,AMPLIACION 1,AMPLIACION,1,30/08/2012 00:00,426,1,1
428,324,AMPLIACION 2,AMPLIACION,1,30/08/2012 00:00,426,2,2
429,377,A-2110-366-6141-E/0356/2012  REMODELACION DE LA FACHADA CATALOGADA UBICACION CALLE AQUILES SERDAN NO. 240 ZONA CENTRO,ORIGINAL,1,31/08/2012 00:00,,0,0
430,351,H-1910-922-6141-D/0357/2012  PAVIMENTACION DE LA CALLE PROMULGACION CONSTITUCIONAL TRAMO: DE CALLE ASAMBLEA DE QUERETARO A CALLE EJERCITO CONSTITUCIONALISTA COL. LA LIBERTAD,ORIGINAL,1,31/08/2012 00:00,,0,0
431,351,AMPLIACION 1,AMPLIACION,1,31/08/2012 00:00,430,1,1
432,387,B-5051-236-6121-H/0358/2012  PROYECTO EJECUTIVO DE PAVIMENTACION DE LAS CALLES: CERRO DEL CHAPULIN TRAMO:CERRO DEL CUBO-AV. AGRICULTOR; CERRO DEL LABRADOR TRAMO: CERRO DEL CUBO- AV. AGRICULTOR Y CERRO DEL TEPEYAC TRAMO: CERRO DEL CUBO-AV. AGRICULTOR COL. SAN ISIDRO LABRADOR,ORIGINAL,1,31/08/2012 00:00,,0,0
433,388,"B-5051-236-6121-H/0359/2012  PROYECTO EJECUTIVO DE PAVIMENTACION DE LAS CALLES: ENCINO TRAMO: HERMENEGILDO-PIRUL COL. VALLE DE LEON, CALLE MAR ROJO TRAMO: OCEANO INDICO DE LINDA VISTA-OCEANO PACIFICO DE LINDAVISTA COL. LINDA VISTA",ORIGINAL,1,04/09/2012 00:00,,0,0
435,397,B-5051-236-6121-H/0361/2012  PROYECTO EJECUTIVO DE PAVIMENTACION DE LAS CALLES: FILIPOS TRAMO: FILEMON - COLOCENSES Y CALLE EPISTOLAS TRAMO: COLOSENCES - FILEMON COL. SAN PABLO,ORIGINAL,1,24/09/2012 00:00,,0,0
436,389,"B-5051-236-6121-H/0362/2012  PROYECTO EJECUTIVO DE PAVIMENTACION DE LAS CALLES:SOJA TRAMO: CUENCA FLORIDA-ALISO, CALLE COLZA TRAMO: CUENCA FLORIDA-ALISO Y CALLE ACONITO TRAMO:CUENCA FLORIDA- ALISO COL. VALLE HERMOSO 1ERA Y 2DA SECC.",ORIGINAL,1,04/09/2012 00:00,,0,0
437,343,"B-5051-236-6121-H/0363/2012  PROYECTO EJECUTIVO DE PAVIMENTACION DE LAS CALLES: RIO CHAPINGO GUANAJUATO-RIO CONCHOS, CALLE RIO TEHUANTEPEC TRAMO: BLVD. J.J. TORRES LANDA-RIO TECOLUTLA FRACC. SAN MIGUEL; Y CALLE NOVILLERO TRAMO:BURLADERO-TOPAR CON AREA DE DONACION, COL. PLAZA DE TOROS",ORIGINAL,1,04/09/2012 00:00,,0,0
438,376,B-5051-236-6121-H/0364/2012  PROYECTO EJECUTIVO DE PAVIMENTACION DE LAS CALLES: PLATON TRAMO: KANT-CITADINA COL. SAUCILLO Y LOMAS DE LA JOYA; CALLE MANUEL ZERME¥O TRAMO: ANTONIO MARTINEZ AGUAYO-CALCOPIRITA COL.SINARQUISTA,ORIGINAL,1,04/09/2012 00:00,,0,0
439,328,B-5051-236-6121-H/0365/2012  PROYECTO EJECUTIVO DE PAVIMENTACION DE LAS CALLES: ANDADOR TEJOCOTE TRAMO: TEJOCOTE-CA¥A COL. LAS MANDARINAS; PRIV. ARROYO EL SALTO TRAMO: BLVD. MARIANO ESCOBEDO-TOPAR COL. PASEOS DE ANDALUCIA,ORIGINAL,1,04/09/2012 00:00,,0,0
440,344,B-5051-236-6121-H/0366/2012  PROYECTO EJECUTIVO DE PAVIMENTACION DE LAS CALLES: BALCON DE LOS ESTORNINOS TRAMO:DE BALCON DE LOS CANGUROS-BALCON DE LOS RUISE¥ORES COL. COLINAS DE LA HACIENDA; BALCON DE LAS GAVIOTAS TRAMO:BALCON DE LAS MARIPOSAS-TOPAR COL. BALCONES DE LA JOYA 1ERA. SECC.,ORIGINAL,1,04/09/2012 00:00,,0,0
441,391,"B-5051-236-6121-H/0367/2012  PROYECTO EJECUTIVO DE PAVIMENTACION DE LAS CALLES:VALLE CABUERIGA TRAMO: VALLE ARIZPE-MADRE TIERRA, CALLE VALLE CASTELLALBO TRAMO: VALLE ARIZPE-MADRE TIERRA COL. VALLE DE SAN JOSE Y CALLE ANDADOR CIELO TRAMO: DEL EDEN- MISERICORDIA COL. LA GLORIA",ORIGINAL,1,04/09/2012 00:00,,0,0
442,355,B-5051-236-6121-H/0368/2012  PROYECTO EJECUTIVO DE PAVIMENTACION DE LAS CALLES: BARACALDO TRAMO:BARCELON-PRIVADA BURGOS; MARTINICA TRAMO:BADAJOZ-PRIVADA BURGOS; PRIVADA BURGOS TRAMO:MURCIA-FRENTE AL NO. 708 COL. SAN JUAN BOSCO.,ORIGINAL,1,04/09/2012 00:00,,0,0
443,325,"B-5051-236-6121-H/0369/2012  PROYECTO EJECUTIVO DE PAVIMENTACION DE LAS CALLES: PIRUL DE MEDINA (CAMINO SALTILLO - SOLIDARIDAD) TRAMO: CAMINO A SALTILLO - FTE AL #309 A Y 306 COL. MEDINA; COBALTO TRAMO: BLVD. MADRAZO - SAN FRANCISCO DE ASIS COL. ARBOLEDAS DE SE¥ORA; CALLE BUCANEROS TRAMO: CARNEROS DE LOS ANGELES - PLAZA SANTOS Y JUVENTUS TRAMO: REAL SOCIEDAD - REAL MADRID, COL. DEPORTIVA II",ORIGINAL,1,04/09/2012 00:00,,0,0
444,333,G-2510-819-6141-D/0370/2012  RECONSTRUCCION DEL TRAMO COLAPSADO EN LA VIALIDAD DENOMINADA MALECON DEL RIO NORTE LEON,ORIGINAL,1,06/09/2012 00:00,,0,0
445,329,"A-2810-210-3513-E/0371/2012  CASETA DE VIGILANCIA PARA LA 6TA. COMANDANCIA DE TRANSITO MUNICIPAL, LEON",ORIGINAL,1,06/09/2012 00:00,,0,0
446,335,G-1910-815-6141-D/0372/2012  PAVIMENTACION DE LA CALLE VALLE AZUL TRAMO: BLVD. RIO MAYO-CALLE VALLE DE JORDAN COL. VALLE DE SAN JOSE,ORIGINAL,1,10/09/2012 00:00,,0,0
447,321,C-2510-610-6141-D/0373/2012  PAVIMENTACION DE LA CALLE AURORA LUMINOSA DE CALLE DE LA MISERICORDIA A DEL EDEN COL. LA GLORIA,ORIGINAL,1,10/09/2012 00:00,,0,0
448,379,A-2110-366-6141-E/0374/2012  TRAMITE DE PERMISO DE CONSTRUCCION ANTE EL ANHA PARA LA INTERVENCION DE LAS FACHADAS CATALOGADAS Y COLINDANTES EN LA CALLE 27 DE SEPTIEMBRE COL. OBREGON,ORIGINAL,1,10/09/2012 00:00,,0,0
449,345,"B-5051-236-6121-H/0375/2012  PROYECTO EJECUTIVO DE PAVIMENTACION DE LAS CALLES: PRIVADA CATALU¥A TRAMO:PROLONGACION BARCELONA-MURCIA; PRIVADA BARCELONA TRAMO: MURCIA-BARCELONA, COL. SAN JUAN BOSCO",ORIGINAL,1,10/09/2012 00:00,,0,0
450,392,B-5051-236-6121-H/0376/2012  PROYECTO EJECUTIVO DE PAVIMENTACION DE LAS CALLES: VOLTAIRE TRAMO: BLVD. ARISTOTELES-FROM COL. SOLEDAD DE LA JOYA,ORIGINAL,1,10/09/2012 00:00,,0,0
451,393,B-5051-236-6121-D/0377/2012  PAVIMENTACION DE LA CALLE AGAVE DE JEREZ TRAMO: DE SALSIFI-AV. LAS LIEBRES COL. SAN ISIDRO,ORIGINAL,1,28/08/2012 00:00,,0,0
452,393,AMPLIACION 1,AMPLIACION,1,28/08/2012 00:00,451,1,1
453,394,B-5051-236-6121-D/0378/2012  PAVIMENTACION DE LA CALLE GAMBOA TRAMO:CALLE HUIMILPAN A CALLE PALO ALTO COL. EL PALOTE,ORIGINAL,1,10/09/2012 00:00,,0,0
454,369,H-DIF-E/0379/2012  CAMARA DE ESTIMULACION MULTISENSORIAL PARA EL SISTEMA DIF LEON,ORIGINAL,1,10/09/2012 00:00,,0,0
455,369,AMPLIACION 1,AMPLIACION,1,10/09/2012 00:00,454,1,1
456,367,B-5051-236-6121-H/0380/2012  PROYECTO EJECUTIVO DE PAVIMENTACION DE LAS CALLES: PRIVADA BELEM TRAMO: PALESTINA - TIBERIADES COL. SAN FELIPE DE JESUS; OBSERVATORIO TRAMO: AV. UNIVERSIDAD - TOPAR COL. MIRADOR CAMPESTRE Y REFUGIO DEL CAMPESTRE; GUTY CARDENAS TRAMO: SAN ROMAN -BLVD. TORRES LANDA EL PAISAJE Y FRACC. PUERTA DE SAN RAFAEL,ORIGINAL,1,11/09/2012 00:00,,0,0
457,367,AMPLIACION 1,AMPLIACION,1,11/09/2012 00:00,456,1,1
458,330,"B-5051-236-6121-H/0381/2012  PROYECTO EJECUTIVO DE PAVIMENTACION  DE LAS CALLES: MEDALLA TRAMO: ADOLFO LOPEZ MATEOS-TOPAR COL. EL ROSARIO; IGNACIO LOPEZ TRAMO:TOPAR LADO NORTE-TOPAR LADO SUR, COL. CONSTITUYENTES DE GUANAJUATO; SENDERO MAYA TRAMO:A¥ORANZA-SENDERO MEXICA; COL. ARBOLEDAS DE SAN PEDRO",ORIGINAL,1,11/09/2012 00:00,,0,0
459,356,"B-5051-236-6121-H/0382/2012  ISTPROYECTO EJECUTIVO DE PAVIMENTACION DE LAS CALLES: SENDERO OTOMI TRAMO: A¥ORANZA-SENDERO MEXICA COL. ARBOLEDAS DE SAN PEDRO; ALCATRACES TRAMO:BLVD. TORRES LANDA-GONZALEZ BOCANEGRA COL. JARDINES DE JEREZ 1RA. SECCION; MAZATLAN TRAMO:MARCELO-FRENTE 223-212 COL. NUEVA CANDELARIA; EGIPTO TRAMO:SION-TIBERIADES COL. SAN FELIPE DE JESUS; SENDERO AZTECA TRAMO: A¥ORANZA-TOPAR, COL. ARBOLEDAS DE SAN PEDRO.",ORIGINAL,1,11/09/2012 00:00,,0,0
460,399,B-5051-236-6121-H/0383/2012  PROYECTO EJECUTIVO DE PAVIMENTACION DE LAS CALLES: JOSE M. PRADO TRAMO: BLVD. MARIANO ESCOBEDO - AL FTE # 435 COL. LEON II; BALCON DE LOS JILGUEROS TRAMO: TOPAR LADO ORIENTE - TOPAR LADO PONIENTE COL. BALCONES DE LA JOYA,ORIGINAL,1,11/09/2012 00:00,,0,0
461,384,B-5051-236-6121-H/0384/2012  PROYECTO EJECUTIVO DE PAVIMENTACION DE LAS CALLES:POCHUTLA TRAMO: MARTINICA-MURCIA COL. PILETAS IV TERRAZA TRAMO: MARTINICA-PROLONGACION BARCELONA Y PRIVADA VISCAYA TRAMO: BARCELONA-TOPAR CON KINDER COL. SAN JUAN BOSCO,ORIGINAL,1,11/09/2012 00:00,,0,0
462,363,"B-5051-236-6121-H/0385/2012  PROYECTO EJECUTIVO DE PAVIMENTACION DE LAS CALLES: FREUD TRAMO: BLVD. ARISTOTELES-FROMM; Y CALLE ENGELS TRAMO: BLVD. ARISTOTELES-FROMM, COL. SOLEDAD LA JOYA",ORIGINAL,1,11/09/2012 00:00,,0,0
463,395,B-5051-236-6121-H/0386/2012  PROYECTO EJECUTIVO DE PAVIMENTACION DE LAS CALLES: CIRCUITO DOVELAS TRAMO: RELIEVE - DORADILLA COL. CANTERITAS DE ECHEVESTE; SAN JORGE TRAMO: BLVD. HIDALGO - ARROYO COL. SAN JAVIER; CAMPO ESCONDIDO TRAMO: RIO DE LOS CASTILLOS - DEL SOLAR COL. VALLE HERMOSO Y MALVA TRAMO: CUENCA FLORIDA - ALERCE COL. VALLE HERMOSO,ORIGINAL,1,11/09/2012 00:00,,0,0
464,352,H-2510-922-6141-D/0387/2012  PAVIMENTACION DEL BLVD. CORRALES AYALA 2DA. ETAPA LEON,ORIGINAL,1,12/09/2012 00:00,,0,0
465,352,AMPLIACION 1,AMPLIACION,1,12/09/2012 00:00,464,1,1
466,380,A-2510-302-6121-E/0388/2012  CONSTRUCCION DE AULA TELESECUNDARIA 397 UBICADA EN CALLE MA. JOAQUINA DE LA PORTILLA 402 COL. BUENA VISTA,ORIGINAL,1,17/09/2012 00:00,,0,0
467,372,A-1199-326-6121-E/0389/2012  CONSTRUCCION DE BARDA PERIMETRAL EN LA ESCUELA PRIMARIA UBICADA EN LA CALLE CUICUILCO #201 COL. POPULAR MAYA,ORIGINAL,1,17/09/2012 00:00,,0,0
468,390,B-5051-236-6121-H/0390/2012  PROYECTO EJECUTIVO DE PAVIMENTACION DE LAS CALLES: VALLE DUPART TRAMO: MADRE TIERRA - VALLE ARIZPE COL. VALLE DE SAN JOSE; CALLE DEL TORIL TRAMO: DEL TORERO - CARNICERITO COL. PLAZA DE TOROS,ORIGINAL,1,17/09/2012 00:00,,0,0
469,378,A-2510-315-6141-C/0391/2012  LABORATORIO VERIFICADOR DE OBRA 2012,ORIGINAL,1,17/09/2012 00:00,,0,0
470,378,AMPLIACION 1,AMPLIACION,1,17/09/2012 00:00,469,1,1
471,382,A-1199-326-6121-D/0392/2012  ANDADOR PARQUES DEL SUR CRICIFIXION A PARQUE PURISIMA DEL RINCON; REHABILITACION DE ADOQUIN EN EL ANDADOR ANDROMEDA DE BLVD. ZODIACO A GARAMBULLO Y DE BLVD. LOS LIMONES A MANDARINA; Y PLAZA JARDINES DE ORIENTE DE SINAI A ALBERTO DURERO,ORIGINAL,1,17/09/2012 00:00,,0,0
472,382,AMPLIACION 1,AMPLIACION,1,17/09/2012 00:00,471,1,1
473,364,A-1199-326-6121-D/0393/2012  INSTALACION Y ADECUACION DE LOS  DISPOSITIVOS VIALES EN LA COLONIA PRESIDENTES DE MEXICO LEON,ORIGINAL,1,18/09/2012 00:00,,0,0
474,375,G-2110-300-6121-E/0394/2012  DESMONTAJE DE LAMINA Y LAMINACION DE CUBIERTA Y FALDONES PARA EL MERCADO EL CORTIJO LEON,ORIGINAL,1,18/09/2012 00:00,,0,0
475,425,"E-2310-701-3591-G/0395/2012  MANTENIMIENTO INTEGRAL DE PARQUES Y JARDINES EN PARQUE CARCAMOS PAQ. 1 LEON, GTO.",ORIGINAL,1,20/09/2012 00:00,,0,0
476,373,"A-2510-315-6141-D/0396/2012  LIMPIEZA DE ARROYOS EN LAS COMUNIDADES LOS ARCOS, LOS TEPETATES Y REALIZACION DE TRABAJOS EN EL VADO DE LA COMUNIDAD DEL QUIJE",ORIGINAL,1,20/09/2012 00:00,,0,0
477,366,H-2510-922-6141-D/0397/2012  PAVIMENTACION DE LA CALLE PE¥AS ALTAS TRAMO: ARISTOTELES A FRANCISCO VILLA COL. EJIDO DE LA JOYA,ORIGINAL,1,20/09/2012 00:00,,0,0
478,383,H-2510-922-6141-D/0398/2012  PAVIMENTACION DE LA CALLE FRANCISCO VILLA TRAMO: PE¥AS ALTAS A IGNACIO ALLENDE COL. EJIDO LA JOYA,ORIGINAL,1,20/09/2012 00:00,,0,0
479,418,"B-5051-236-6121-H/0399/2012  PROYECTO EJECUTIVO DE PAVIMENTACION DE LAS CALLES: MADRE ESTELA TRAMO: AV. ATOTONILCO - MADRE SIERRA; CALLE MADRE ALICIA TRAMO: MADRE SIERRA - ATOTONILCO, COL. DIEZ DE MAYO",ORIGINAL,1,26/09/2012 00:00,,0,0
480,357,H-2510-922-6141-D/0400/2012  PAVIMENTACION DE LA CALLE HUELGA DE NUEVA ROSITA TRAMO: H. AYUNTAMIENTO A CORREGIDORA COL. LA LIBERTAD,ORIGINAL,1,21/09/2012 00:00,,0,0
481,370,H-2510-922-6141-D/0401/2012  PAVIMENTACION DE LA CALLE AV. RIO DE LOS CASTILLOS IRA ETAPA COL. PASEO DE LA PRESA,ORIGINAL,1,24/09/2012 00:00,,0,0
482,371,"A-2510-320-6141-D/0402/2012  TRABAJOS DE ARREGLO Y TERMINACION DE LA IMAGEN URBANA EN PUENTE DE ENTRONQUE ""Y"" EN ACCESO DE CARRETERA A LAGOS DE MORENO LEON",ORIGINAL,1,24/09/2012 00:00,,0,0
483,419,B-5051-236-6121-H/0403/2012  PROYECTO EJECUTIVO DE PAVIMENTACION DE LAS CALLES: MADRE ALICIA TRAMO: MADRE MARINA - MADRE SIERRA; MADRE INMACULADA TRAMO: MADRE TIERRA-TOPAR COL. DIEZ DE MAYO; Y CERRO LARGO TRAMO: MADRE MAURA-RIO MAYO COL. POPULAR POLANCO,ORIGINAL,1,26/09/2012 00:00,,0,0
484,400,B-5051-236-6121-H/0404/2012  PROYECTO EJECUTIVO DE PAVIMENTACION DE LAS CALLES: GANGUES TRAMO: VALLE ARIZPE - MADRE TIERRA Y CALLE ZARGOS TRAMO: VALLE ARIZPE - MADRE TIERRA COL. VALLE DE SAN JOSE,ORIGINAL,1,26/09/2012 00:00,,0,0
485,420,B-5051-236-6121-H/0405/2012  PROYECTO EJECUTIVO DE PAVIMENTACION DE LAS CALLES: MADRE CARMEN TRAMO: MADRE SIERRA-ATOTONILCO Y CALLE MADRE CARMEN TRAMO: MADRE SIERRA - MADRE MARINA COL. DIEZ DE MAYO,ORIGINAL,1,26/09/2012 00:00,,0,0
486,385,"A-2110-366-6141-E/0406/2012  TRABAJOS COMPLEMTARIOS PARA LA TERMINACION DE FACHADA EN PORTAL GUERRERO, CALLE BENITO JUAREZ A PINO SUAREZ CENTRO HISTORICO",ORIGINAL,1,26/09/2012 00:00,,0,0
487,374,A-2510-322-6141-D/0407/2012  CICLOVIA CONSTRUCCION Y CERCADO (MORELOS PUENTE OLIMPICA) LEON,ORIGINAL,1,26/09/2012 00:00,,0,0
488,396,B-5051-236-6121-D/0408/2012  PAVIMENTACION DE LA CALLE MAR MEDITERRANEO TRAMO: DE LA CALLE OCEANO INDICO A OCEANO ARTICO COL. LINDA VISTA,ORIGINAL,1,26/09/2012 00:00,,0,0
489,386,"A-2510-302-6121-E/0409/2012  CONSTRUCCION DE BARDA EN JARDIN DE NI¥OS ""ALONSO GACIA ROBLES"", COL. POPULAR INCA",ORIGINAL,1,27/09/2012 00:00,,0,0
490,417,B-5051-236-6121-H/0410/2012  PROYECTO EJECUTIVO DE PAVIMENTACION DE LA CALLE: TOLEDO TRAMO: ALCALA DE HENAREZ - CADIZ COL. SAN JUAN BOSCO,ORIGINAL,1,26/09/2012 00:00,,0,0
491,414,A-2510-370-6141-D/0411/2012  REHABILITACION DE LAS AREAS DE CIRCULACION PEATONAL Y VEHICULAR EN LA ZONA CENTRO LEON,ORIGINAL,1,04/10/2012 00:00,,0,0
492,413,A-2510-370-6141-D/0412/2012  DRENAJE SANITARIO EN LA COMUNIDAD DE SAN JUAN DE OTATES CALLE SAN ANDRES LEON,ORIGINAL,1,04/10/2012 00:00,,0,0
493,410,B-5051-236-6121-D/0413/2012  PAVIMENTACION DE LA CALLE RIO TONALA TRAMO: DE RIO TECOLUTLA A RIO GUANAJUATO COL. SAN MIGUEL,ORIGINAL,1,02/10/2012 00:00,,0,0
494,410,AMPLIACION 1,AMPLIACION,1,02/10/2012 00:00,493,1,1
495,412,B-5051-236-6121-D/0414/2012  PAVIMENTACION DE LA CALLE SAN LUCAS TRAMO: DE SAN JUSTO - TOPAR COL. LA PISCINA,ORIGINAL,1,02/10/2012 00:00,,0,0
496,412,AMPLIACION 1,AMPLIACION,1,02/10/2012 00:00,495,1,1
497,401,B-5051-236-6121-D/0415/2012  PAVIMENTACION DE LA CALLE PRIVADA APOSTOL TRAMO: DE MARMOLEJO A TOPAR COL. RINCONADA DE SAN PEDRO,ORIGINAL,1,02/10/2012 00:00,,0,0
498,401,AMPLIACION 1,AMPLIACION,1,02/10/2012 00:00,497,1,1
499,409,A-1199-326-6141-E/0416/2012  SUMINISTRO Y COLOCACION DE 225 ML DE MALLA CICLONICA EN AREA DE DONACION EN LA CALLE ORIEN COL. PASEO DE LA CIMA,ORIGINAL,1,02/10/2012 00:00,,0,0
500,408,B-5051-236-6121-D/0417/2012  PAVIMENTACION DE LA CALLE PLAZA SAUCE TRAMO: DE SAN ROMAN A SAUCE COL. ARBOLEDAS DE INFONAVIT,ORIGINAL,1,03/10/2012 00:00,,0,0
501,415,G-1910-815-6141-D/0418/2012  PAVIMENTACION DE LA CALLE JEREZ DE CASTELO TRAMO: CALLE JEREZ DE SEVILLA A CALLE VALLE DE SANTIAGO COL. JESUS MARIA,ORIGINAL,1,03/10/2012 00:00,,0,0
502,416,G-1910-815-6141-D/0419/2012  PAVIMENTACION DE LA CALLE JEREZ DE ALDANA TRAMO: DE CALLE JEREZ DE SEVILLA A CALLE VALLE DE SANTIAGO COL.  JESUS MARIA,ORIGINAL,1,03/10/2012 00:00,,0,0
503,407,B-5051-236-6121-D/0420/2012  PAVIMENTACION DE LA CALLE ENCINO TRAMO: DE BLVD. HERMENEGILDO BUSTOS A CALLE PIRUL DEL VALLE COL. VALLE DE LEON,ORIGINAL,1,03/10/2012 00:00,,0,0
504,406,H-2510-922-6141-D/0421/2012  PAVIMENTACION DE LA CALLE HOMBRES ILUSTRES TRAMO: PUERTOS LIBRES A REFORMA AGRARIA COL. SAN MARCOS,ORIGINAL,1,04/10/2012 00:00,,0,0
505,403,H-2510-922-6141-D/0422/2012  PAVIMENTACION DE LA CALLE LUIS LONG TRAMO: ALFONSO ESPARZA - FEDERICO BAENA COL. SAN MARCOS,ORIGINAL,1,04/10/2012 00:00,,0,0
506,402,B-5051-236-6121-H/0423/2012  PROYECTO EJECUTIVO DE PAVIMENTACION DE LA CALLE: TOLEDO TRAMO: BLVD. SAN JUAN BOSCO (PAVIMENTO EXISTENTE )- CADIZ COL. SAN JUAN BOSCO,ORIGINAL,1,01/10/2012 00:00,,0,0
507,405,A-2510-320-6141-E/0424/2012  IMAGEN URBANA EN CAMELLON CENTRAL DE BLVD. VICENTE VALTIERRA Y BLVD. JOSE MA. MORELOS LEON,ORIGINAL,1,04/10/2012 00:00,,0,0
508,405,AMPLIACION 1,AMPLIACION,1,04/10/2012 00:00,507,1,1
509,404,A-2510-322-6141-D/0425/2012  SEMAFORIZACION CICLOVIA BLVD. JOSE MA. MORELOS Y BLVD. LAS TORRES LEON,ORIGINAL,1,04/10/2012 00:00,,0,0
510,421,A-2510-316-6141-D/0426/2012  REHABILITACION DE LA PISTA EN EL PARQUE METROPOLITANO DE LEON,ORIGINAL,1,05/10/2012 00:00,,0,0
511,422,A-1199-326-6121-E/0427/2012  REMODELACION EN EL AREA DE JUEGOS DEL JARDIN UBICADO ENTRE LAS CALLES BURGOS Y SINIESTA EN LA COL. SAN JUAN BOSCO,ORIGINAL,1,05/10/2012 00:00,,0,0
512,423,C-2510-613-6141-D/0428/2012  TRABAJOS COMPLEMENTARIOS PARA LA PAVIMENTACIàN DE LA CALLE MADRE GLORIA TRAMO: MADRE MARINA A SELVA COL. 10 DE MAYO,ORIGINAL,1,05/10/2012 00:00,,0,0
513,424,"H-2510-923-6221-E/0429/2012  CONSTRUCCION DE LA UNIDAD DEPORTIVA NORTE EN EL MUNICIPIO DE LEON, GUANAJUATO",ORIGINAL,1,09/10/2012 00:00,,0,0
514,426,B-5051-236-6121-D/0430/2012  PAVIMENTACION DE LA CALLE TOLEDO TRAMO: DE CADIZ A ALCALA DE HENARES COL. SAN JUAN BOSCO,ORIGINAL,1,15/10/2012 00:00,,0,0
515,427,"B-5051-236-6121-D/0431/2012  BACHEO EN CARCAMOS, MAR ADRIATICO, CALLE ALFALFA, EN CALLES YUCATAN Y STO. DOMINGO COL. OBRERA; Y REJILLA PLUVIAL EN LEON I",ORIGINAL,1,15/10/2012 00:00,,0,0
516,428,B-5051-236-6121-D/0432/2012  PAVIMENTACION DE LA CALLE MAR ROJO TRAMO: DE OCEANO INDICO DE LINDA VISTA A OCEANO PACIFICO DE LINDA VISTA COL. LINDA VISTA,ORIGINAL,1,15/10/2012 00:00,,0,0
517,430,C-2510-610-6141-D/0433/2012  REHABILITACION DE LOS PAVIMENTOS DE LA CALLE ALAMEDA DE SAN JUAN TRAMO: DE HACIENDAS DE LEON A PROVINCIAS DE SAN JUAN Y CALLE HEBREOS TRAMO: UNIVERSALIDAD CRISTIANA A CALLE TITO,ORIGINAL,1,15/10/2012 00:00,,0,0
518,429,"A-1199-326-6121-D/0434/2012  INSTALACION Y ADECUACION DE REDUTORES DE VELOCIDAD (TOPES DE PLASTICO) EN LA CALLE TANTALIO TRAMO: DE CALLE OXIGENO AL ANDADOR MARIE CURIE, LEON",ORIGINAL,1,15/10/2012 00:00,,0,0
519,432,H-2510-922-6141-E/0435/2012  AMPLIACION DE LAUMBRADO PUBLICO DE LA CICLOVIA LEON - SAN FRANCISCO TRAMO: DE LA RESERVA A LA MORA LEON,ORIGINAL,1,24/10/2012 00:00,,0,0
520,432,AMPLIACION 1,AMPLIACION,1,24/10/2012 00:00,519,1,1
521,433,A-2310-357-6221-E/0436/2012  ADECUACION DE OFICINAS EN PARQUE MEXICO PARA LA DIRECCION DE PROTECCION AL AMBIENTE LEON,ORIGINAL,1,25/10/2012 00:00,,0,0
522,431,"A-2510-302-6121-E/0437/2012  COLOCACION DE PRIMERA PIEDRA EN EL PARQUE METROPOLITANO NORTE, LEON",ORIGINAL,1,25/10/2012 00:00,,0,0
523,434,"A-1510-460-3513-E/0438/2012  SUMINISTRO Y COLOCACION DE RECUBRIMIENTOS A BASE DE MATERIAL ACOLCHADO EN LAS DELEGACIONES DE POLICIA NORTE, ORIENTE Y PONIENTE",ORIGINAL,1,30/10/2012 00:00,,0,0
524,435,B-5051-236-6121-D/0439/2012  CONSTRUCCION DE BOCA DE TORMENTA UBICADA EN LA CALLE CALAFIA ESQUINA CON CALLE SARMIENTO EN LA COL. SAN JOSE EL ALTO,ORIGINAL,1,12/11/2012 00:00,,0,0
525,436,G-2510-818-6221-E/0440/2012  CONSTRUCCION DE LA ESTACION DE BOMBEROS NO. 8 EN LA COL. ERMITA EN LEON. GTO.,ORIGINAL,1,12/11/2012 00:00,,0,0
526,436,AMPLIACION 1,AMPLIACION,1,12/11/2012 00:00,525,1,1
527,436,AMPLIACION 2,AMPLIACION,1,12/11/2012 00:00,525,2,2
528,437,G-2510-820-6141-D/0441/2012  MANTENIMIENTO Y REHABILITACION EN LA VIALIDAD MALECON DEL RIO DE LOS GOMEZ,ORIGINAL,1,22/11/2012 00:00,,0,0
529,437,AMPLIACION 1,AMPLIACION,1,22/11/2012 00:00,528,1,1
530,437,AMPLIACION 2,AMPLIACION,1,22/11/2012 00:00,528,2,2
531,437,AMPLIACION 3,AMPLIACION,1,22/11/2012 00:00,528,3,3
532,437,AMPLIACION 4,AMPLIACION,1,22/11/2012 00:00,528,4,4
533,439,B-5051-236-6121-D/0442/2012  PAVIMENTACION DE LA CALLE GUTY CARDENAS CUERPO ORIENTE TRAMO: DE NOGAL A SAN ROMAN COL. LAS ARBOLEDAS,ORIGINAL,1,27/11/2012 00:00,,0,0
534,439,AMPLIACION 1,AMPLIACION,1,27/11/2012 00:00,533,1,1
535,438,A-2510-315-6141-D/0443/2012  OBRA COMPLEMENTARIA EN LA CALLE BENITO JUAREZ LOCALIDAD LA RESERVA LEON,ORIGINAL,1,28/11/2012 00:00,,0,0
536,442,"G-2110-300-6121-E/0444/2012  MEJORAMIENTO LOGISTICO DE LA ZONA DE COMERCILIZACION AL MENUDEO DE LA CENTRAL DE ABASTOS DE LEON, GUANAJUATO (PAVIMENTACION DE LA AV. MACHETEROS TRAMO: DEL BLVD. MIGUEL DE CERVANTES SAAVEDRA A BLVD. CENTRAL DE ABASTOS)",ORIGINAL,1,06/12/2012 00:00,,0,0
537,442,AMPLIACION 1,AMPLIACION,1,06/12/2012 00:00,536,1,1
538,440,H-D/0445/2012  CONSTRUCCION DEL PUENTE VEHICULAR HACIENDA ARRIBA,ORIGINAL,1,06/12/2012 00:00,,0,0
539,440,AMPLIACION 1,AMPLIACION,1,06/12/2012 00:00,538,1,1
540,441,A-2510-316-6141-D/0446/2012  CONSTRUCCION DE RETORNO Y GASAS DE INCORPORACION EN EL BLVD. JOSE MARIA MORELOS PTE.,ORIGINAL,1,06/12/2012 00:00,,0,0
541,449,B-5051-236-6121-D/0447/2012  PAVIMENTACION DE LA CALLE PRIV. ARROYO EL SALTO TRAMO: DE BLVD. AMRIANO ESCOBEDO A TOPAR COL. PASEOS DE ANDALUCIA,ORIGINAL,1,17/12/2012 00:00,,0,0
542,450,B-5051-236-6121-D/0448/2012  PAVIMENTACION DE LA CALLE BOMBAY TRAMO: DE NIGER A MALECON DEL RIO COL. LA ESCONDIDA,ORIGINAL,1,17/12/2012 00:00,,0,0
543,451,A-2510-304-6141-D/0449/2012  PAVIMENTACION DE LA CALLE TOMAS ILLA¥EZ TRAMO: DE BLVD. TELLEZ CRUCES - ANTONIO HERNANDEZ COL. LEON I,ORIGINAL,1,17/12/2012 00:00,,0,0
544,452,A-2510-304-6141-D/0450/2012  PAVIMENTACION DE LA CALLE JOSE MA. RUIZ TRAMO: DE BLVD. TELLEZ CRUCES -  ANTONIO HERNANDEZ COL. LEON I,ORIGINAL,1,17/12/2012 00:00,,0,0
545,453,A-2510-304-6141-D/0451/2012  PAVIMENTACION DE LA CALLE JUAN MU¥OZ LOPEZ TRAMO: DE BLVD. TELLEZ CRUCES - ANTONIO HERNADEZ COL. LEON I,ORIGINAL,1,17/12/2012 00:00,,0,0
546,454,A-2510-304-6141-D/0452/2012  PAVIMENTACION DE LA CALLE JOSE MA. RODRIGUEZ TRAMO: DE BLVD. TELLEZ CRUCES A TOPAR CON LIMITE DE LA COL. LEON I,ORIGINAL,1,18/12/2012 00:00,,0,0
547,455,A-2510-304-6141-D/0453/2012  PAVIMENTACION DE LA CALLE FRANCISCO MARTINEZ TRAMO: DE BLVD. TELLEZ CRUCES A TOPAR CON LIMITE DE LA COL. LEON I,ORIGINAL,1,18/12/2012 00:00,,0,0
548,444,A-2510-304-6141-D/0454/2012  PAVIMENTACION DE LA CALLE ANTONIO DEL CASTILLO TRAMO: DE BLVD. MARIANO ESCOBEDO A CEFERINO ORTIZ COL LEON II,ORIGINAL,1,18/12/2012 00:00,,0,0
549,456,A-2510-304-6141-D/0455/2012  PAVIMENTACION DE LA CALLE EUFRACIA PANTOJA TRAMO: BLVD. LEON II A RICARDO SOLORZANO COL. LEON II,ORIGINAL,1,18/12/2012 00:00,,0,0
550,457,A-2510-304-6141-D/0456/2012  PAVIMENTACION DE LA CALLE JOSE GUADALUPE POSADA TRAMO: DE BLVD. LEON II A MA. SANCHEZ COL. LEON II,ORIGINAL,1,18/12/2012 00:00,,0,0
551,457,AMPLIACION 1,AMPLIACION,1,18/12/2012 00:00,550,1,1
552,458,A-2510-315-6141-H/0457/2012  PROYECTO ESTRUCTURAL DE LA PARTE POSTERIOR DEL MERCADO LA LUZ ENTRE LAS CALLES LA LUZ Y HEROES DE LA INDEPENDENCIA,ORIGINAL,1,17/12/2012 00:00,,0,0
553,459,A-2510-304-6141-D/0458/2012  PAVIMENTACION DE LA CALLE GAVIOTA 1/2 CUERPO NORTE TRAMO: QUETZAL A OREOL COL. SANTA RITA,ORIGINAL,1,19/12/2012 00:00,,0,0
554,460,C-2510-606-6141-D/0459/2012  PAVIMENTACION DE LA CALLE AGUSTIN FRANCO TRAMO: DE BLVD. FRANCISCO VILLA A PAULINO DURAN COL. LEON I,ORIGINAL,1,19/12/2012 00:00,,0,0
555,445,C-2510-606-6141-D/0460/2012  PAVIMENTACION DE LA CALLE RICARDO GALVAN TRAMO: DE BLVD. MARIANO ESCOBEDO A CEFERINO ORTIZ COL. LEON II,ORIGINAL,1,19/12/2012 00:00,,0,0
556,461,C-2510-606-6141-D/0461/2012  PAVIMENTACION DE LA CALLE IMELDA GOMEZ TRAMO: DE BLVD. LEON II A BLVD. MARIANO ESCOBEDO COL. LEON II,ORIGINAL,1,19/12/2012 00:00,,0,0
557,462,A-2510-304-6141-D/0462/2012  PAVIMENTACION DE LA CALLE MARCOS AGUILAR TRAMO: DE BLVD. LEON II A RICARDO SOLORZANO COL. LEON II,ORIGINAL,1,19/12/2012 00:00,,0,0
558,463,A-2510-304-6141-D/0463/2012  PAVIMENTACION DE LA CALLE 2DO. ANDADOR JOSE DE LA LUZ FLORES TRAMO: DE FRANCISCO MORALES A J. DE LA LUZ FLORES COL. LEON II,ORIGINAL,1,19/12/2012 00:00,,0,0
559,463,AMPLIACION 1,AMPLIACION,1,19/12/2012 00:00,558,1,1
560,464,A-2510-304-6141-D/0464/2012  PAVIMENTACION DE LA CALLE PASEO DE LAS LIEBRES TRAMO: DE BLVD. RIO MAYO A MIGUEL DE CERVANTES SAAVEDRA COL. COLINAS DE SANTA JULIA,ORIGINAL,1,19/12/2012 00:00,,0,0
561,446,A-2510-316-6141-C/0465/2012  REHABILITACION CON CONCRETO HIDRAULICO DE LOS PAVIMENTOS DEL BLVD. CAMPESTRE LEON.,ORIGINAL,1,25/10/2012 00:00,,0,0
562,465,A-2510-304-6141-D/0466/2012  PAVIMENTACION DE LA CALLE SILVINO ROBLES TRAMO: DE BLVD. MARIANO ESCOBEDO A BLVD. LEON II COL. LEON II,ORIGINAL,1,19/12/2012 00:00,,0,0
563,447,C-2510-672-6131-C/0467/2012  MEJORAS EN LAS INSTALACIONES DE ALUMBRADO PUBLICO EN COL. PORTONES DE SAN JACINTO (EL INFIERNITO) EL VALLADITO I Y II COL. NUEVO LEON,ORIGINAL,1,20/10/2012 00:00,,0,0
564,466,"C-2510-672-6131-C/0468/2012  MEJORAS EN LAS INSTALACIONES DE ALUMBRADO PéBLICO EN: COL. CERRITO DE LA JOYA, COL. PIEDAD DE LA JOYA Y COL. BALCON DE LAS MARIPOSAS",ORIGINAL,1,20/12/2012 00:00,,0,0
565,467,A-2510-315-6141-D/0469/2012  ADECUACION GEOMETRICA DEL BLVD. ADOLFO LOPEZ MATEOS PARA MEJORAR LOS CRUCES PEATONALES TRAMO: BLVD. VASCO DE QUIROGA - ESTADIO LEON,ORIGINAL,1,21/12/2012 00:00,,0,0
566,443,A-2510-315-6141-D/0470/2012  APLICACION DE PINTURA EN BARANDALES PUENTE LA LUZ,ORIGINAL,1,21/12/2012 00:00,,0,0
567,448,A-2510-315-6141-D/0471/2012  APLICACION DE PINTURA EN BARANDALES DEL DISTRIBUIDOR VIAL JUAN PABLO II,ORIGINAL,1,21/12/2012 00:00,,0,0
568,468,"H-2510-900-6111-D/0016/2012*  ESCALATORIA 1 VIALIDADES LATERALES, CRUCE A NIVEL Y ADECUACION DE SERVICIOS DE LA INTERSECCION DE LA C.F. 45 CON EL BLVD. ALONSO DE TORRES",ORIGINAL,1,11/09/2012 00:00,,0,0
569,469,"A-2510-338-6141-C/0236/2012*  ESCALATORIA 1 REHABILITACION DE PAVIMENTOS EN DIFERENTES TRAMOS: BLVD. FRANCISCO VILLA, MALECON DEL RIO, BLVD. ALONSO DE TORRES, LEON",ORIGINAL,1,09/10/2012 00:00,,0,0
570,469,"A-2510-338-6141-C/0236/2012**  ESCALATORIA 2 REHABILITACION DE PAVIMENTOS EN DIFERENTES TRAMOS: BLVD. FRANCISCO VILLA, MALECON DEL RIO, BLVD. ALONSO DE TORRES, LEON",ORIGINAL,1,22/11/2012 00:00,,0,0
571,469,"A-2510-338-6141-C/0236/2012***  ESCALATORIA 3 REHABILITACION DE PAVIMENTOS EN DIFERENTES TRAMOS: BLVD. FRANCISCO VILLA, MALECON DEL RIO, BLVD. ALONSO DE TORRES, LEON",ORIGINAL,1,22/11/2012 00:00,,0,0
572,469,"A-2510-338-6141-C/0236/2012+  ESCALATORIA 4 REHABILITACION DE PAVIMENTOS EN DIFERENTES TRAMOS: BLVD. FRANCISCO VILLA, MALECON DEL RIO, BLVD. ALONSO DE TORRES",ORIGINAL,1,10/12/2012 00:00,,0,0
573,469,"A-2510-338-6141-C/0236/2012++  ESCALATORIA 5 REHABILITACION DE PAVIMENTOS EN DIFERENTES TRAMOS: BLVD. FRANCISCO VILLA, MALECON DEL RIO, BLVD. ALONSO DE TORRES",ORIGINAL,1,20/02/2013 00:00,,0,0
574,469,"A-2510-338-6141-C/0236/2012+++  ESCALATORIA 6 REHABILITACION DE PAVIMENTOS EN DIFERENTES TRAMOS: BLVD. FRANCISCO VILLA, MALECON DEL RIO,BLVD. ALONSO DE TORRES",ORIGINAL,1,12/06/2013 00:00,,0,0
575,470,H-D/445/2012*  CONSTRUCCION DEL PUENTE VEHICULAR HACIENDA ARRIBA,ORIGINAL,1,24/05/2013 00:00,,0,0
576,470,H-D/445/2012**  CONSTRUCCION DEL PUENTE VEHICULAR HACIENDA ARRIBA,ORIGINAL,1,28/08/2013 00:00,,0,0
