Id_Capitulo,Id_Presupuesto,Clave,Descripcion,Importe
0000000001,0000000001,1,LEVANTAMIENTOS,310593.00
0000000002,0000000001,2,JARDINERIA,400172.50
0000000003,0000000001,3,SEÑALAMIENTO DE OBRA,11660.56
0000000004,0000000002,1,MANTENIMIENTO EN VIALIDADES DE ACCESO A LA CIUDAD,1289228.96
0000000005,0000000003,1,MANTENIMIENTO EN VIALIDADES DE ACCESO A LA CIUDAD,1289228.96
0000000006,0000000004,1,ESTABILIZACION DE TALUD,256249.10
0000000007,0000000004,2,CAJA POZO Y TERRAPLEN EN VIALIDAD,149587.48
0000000008,0000000005,1,MANTENIMIENTO,1318481.16
0000000009,0000000006,1,MANTENIMIENTO Y APLICACION DE RIEGO EN AREAS VERDES,279500.00
0000000010,0000000007,1,PINTURAS,323185.40
0000000011,0000000007,2,JARDINERIA,406090.50
0000000012,0000000007,3,SEÑALAMIENTO DE OBRA,11005.90
0000000013,0000000008,1,SEÑALAMIENTO DE PROTECCION DE OBRA CALLE JACARANDA,12763.68
0000000014,0000000008,2,PRELIMINARES AGUA POTABLE CALLE JACARANDA,64130.70
0000000015,0000000008,3,RELLENOS AGUA POTABLE CALLE JACARANDA,76492.13
0000000016,0000000008,4,CARGA Y ACARREOS EN CAMION AGUA POTABLE CALLE JACARANDA,59394.53
0000000017,0000000008,5,SUMINISTROS AGUA POTABLE CALLE JACARANDA,65302.22
0000000018,0000000008,6,INSTALACIONES AGUA POTABLE CALLE JACARANDA,37741.90
0000000019,0000000008,7,CAJAS DE VALVULAS CALLE JACARANDA,44021.81
0000000020,0000000008,8,LIMPIEZA AGUA POTABLE CALLE JACARANDA,1095.22
0000000021,0000000008,9,PRELIMINARES DRENAJE SANITARIO CALLE JACARANDA,26301.92
0000000022,0000000008,10,CARGA Y ACARREOS EN CAMION DRENAJE SANITARIO CALLE JACARANDA,42334.19
0000000023,0000000008,11,RELLENOS DRENAJE SANITARIO CALLE JACARANDA,54949.60
0000000024,0000000008,12,SUMINISTROS DRENAJE SANITARIO CALLE JACARANDA,132667.85
0000000025,0000000008,13,INSTALACIONES DRENAJE SANITARIO CALLE JACARANDA,8354.03
0000000026,0000000008,14,POZOS DE VISITA DRENAJE SANITARIO CALLE JACARANDA,30731.20
0000000027,0000000008,15,LIMPIEZA DRENAJE SANITARIO CALLE JACARANDA,534.30
0000000028,0000000008,16,PRELIMINARES DESCARGAS SANITARIAS CALLE JACARANDA,12006.06
0000000029,0000000008,17,CARGA Y ACARREOS EN CAMION DESCARGAS SANITARIAS CALLE JACARANDA,16320.42
0000000030,0000000008,18,RELLENOS DESCARGAS SANITARIAS CALLE JACARANDA,22147.08
0000000031,0000000008,19,SUMINISTROSDESCARGAS SANITARIAS CALLE JACARANDA,15193.70
0000000032,0000000008,20,INSTALACIONES  DESCARGAS SANITARIAS CALLE JACARANDA,28101.30
0000000033,0000000008,21,LIMPIEZAS DESCARGAS SANITARIAS CALLE JACARANDA,247.80
0000000034,0000000008,22,PRELIMINARES ARROYO Y GUARNICIONES CALLE JACARANDA,185833.79
0000000035,0000000008,23,CARGA Y ACARREOS EN CAMION ARROYO Y GUARNICIONES CALLE JACARANDA,274773.32
0000000036,0000000008,24,BASES Y SUB BASES ARROYO Y GUARNICIONES CALLE JACARANDA,259532.78
0000000037,0000000008,25,PAVIMENTOS ASFALTICOS ARROYO Y GUARNICIONES CALLE JACARANDA,46154.12
0000000038,0000000008,26,PAVIMENTOS ARROYO Y GUARNICIONES CALLE JACARANDA,746119.85
0000000039,0000000008,27,LIMPIEZAS ARROYO Y GUARNICIONES CALLE JACARANDA,4560.49
0000000040,0000000008,28,PRELIMINARES BANQUETAS CALLE JACARANDA,39446.42
0000000041,0000000008,29,CARGA Y ACARREOS EN CAMION BANQUETAS CALLE JACARANDA,18925.29
0000000042,0000000008,30,BASES Y SUB BASES BANQUETAS CALLE JACARANDA,34938.66
0000000043,0000000008,31,PAVIMENTOS BANQUETAS CALLE JACARANDA,255290.28
0000000044,0000000008,32,LIMPIEZAS BANQUETAS CALLE JACARANDA,3269.96
0000000045,0000000008,33,SEÑALAMIENTO HORIZONTAL CALLE JACARANDA,121721.98
0000000046,0000000008,34,SEÑALAMIENTO VERTICAL CALLE JACARANDA,12689.16
0000000047,0000000008,35,PARTIDA I - RED DE ALUMBRADO PUBLICO,131382.02
0000000048,0000000009,1,DICTAMEN ELECTRICO,36011.52
0000000049,0000000010,1,PRELIMINARES,11574.32
0000000050,0000000010,2,CIMENTACION,67889.21
0000000051,0000000010,3,PROTECCION PERIMETRAL,65781.00
0000000052,0000000010,4,MOBILIARIO EJERCITADORES E INFANTILES,604411.42
0000000053,0000000010,5,CANCHA DE PRACTICAS - ACABADOS PINTURA,31940.25
0000000054,0000000010,6,CANCHA DE PRACTICAS - HERRERIA,32171.39
0000000055,0000000010,7,CANCHA DE PRACTICAS - ENMALLADO,20289.20
0000000056,0000000010,8,PORTICO DE ACCESO,5188.84
0000000057,0000000010,9,LIMPIEZA FINAL DE LA OBRA,10878.10
0000000058,0000000010,10,ALUMBRADO EXTERIOR,195349.48
0000000059,0000000010,11,PREPARACION PARA EQUIPO DE MEDICION EN BAJA TENSION,8549.31
0000000060,0000000010,12,CASETA PARA EQUIPO DE MEDICION Y CONTROL DE (1.50 M ANCHO 2.00M ALTO X 0.50 FONDO),18974.58
0000000061,0000000010,13,"MINIDEPORTIVA SAN FRANCISCO DE ASIS ANCLAJE - JUEGOS, EJERCITADORES Y BASUREROS",86656.30
0000000062,0000000011,1,SEÑALAMIENTO HORIZONTAL,1097855.00
0000000063,0000000012,1,REHABILITACION DE CAMINOS RURALES.,1140260.85
0000000064,0000000013,1,REHABILITACION DE CAMINOS RURALES.,1136484.19
0000000065,0000000014,1,OBRA CIVIL EN MURO DE CONTENCIÓN,173659.53
0000000066,0000000014,2,ALUMBRADO GENERAL (CONSIDERAR COMO SUBCONTRATO),251797.62
0000000067,0000000014,3,PINTURA EN ACCESO-CONTROL,23618.00
0000000068,0000000014,4,CANCHA DE PRACTICAS - ACABADOS PINTURA,39751.15
0000000069,0000000014,5,MALLA CICLÓNICA,201941.16
0000000070,0000000014,6,JUEGOS INFANTILES - PINTURA,5734.89
0000000071,0000000014,7,LETRERO,5509.45
0000000072,0000000014,8,NÚCLEO DE SANITARIOS,16007.66
0000000073,0000000014,9,MOBILIARIO EJERCITADORES E INFANTILES,504332.74
0000000074,0000000014,10,LIMPIEZA FINAL DE LA OBRA,6264.77
0000000075,0000000014,11,"COLOCACION- ANCLAJES, JUEGOS, EJERCITADORES",13250.21
0000000076,0000000014,12,REHABILITACIÓN DE CISTERNA,9279.22
0000000077,0000000014,13,CASETA DE CONTROL,81910.87
0000000078,0000000015,1,PRELIMINARES,136048.35
0000000079,0000000015,2,"COLOCACION-ANCLAJES-JUEGOS, EJERCITADORES Y BASUREROS",44595.79
0000000080,0000000015,3,MOBILIARIO JUEGOS INFANTILES,69602.63
0000000081,0000000015,4,MOBILIARIO JUEGOS EJERCITADORES,191166.92
0000000082,0000000015,5,"ACABADOS, PINTURAS Y BANQUETAS",231715.88
0000000083,0000000015,6,ESTRUCTURAS DEPORTIVAS,40111.22
0000000084,0000000015,7,CANCHA DE PRACTICAS - ENMALLADO,341430.95
0000000085,0000000015,8,BANCAS,102437.95
0000000086,0000000015,9,ANUNCIO DE OBRA,5288.15
0000000087,0000000015,10,ALUMBRADO EXTERIOR,189027.09
0000000088,0000000015,11,PREPARACION PARA EQUIPO  DE MEDICIÓN DE BAJA TENSIÓN (CVTO. NVO. E1),14104.71
0000000089,0000000015,12,LIMPIEZA FINAL DE LA OBRA,4600.00
0000000090,0000000016,1,PRELIMINARES DESMANTELAMIENTOS,23381.40
0000000091,0000000016,2,MALLA EXTERIOR,112987.51
0000000092,0000000016,3,PINTURA,39278.14
0000000093,0000000016,4,ALUMBRADO  INTERIOR,11874.14
0000000094,0000000016,5,ALIMENTADOR DERIVADO A TABLERO ´´A´´ BAÑOS,7767.98
0000000095,0000000016,6,ALUMBRADO EXTERIOR,162777.27
0000000096,0000000016,7,PREPARACIÒN PARA EQUIPO DE MEDICIÒN EN BAJA TENSIÓN,14207.62
0000000097,0000000016,8,"CASETA PARA EQUIPO DE MEDICIÓN Y CONTROL DE (1.50M ANCHO X 2.00M ALTO X 0.50 FONDO), DIM. EXT.",23159.40
0000000098,0000000016,9,COLOCACION-ANCLAJES-JUEGOS-EJERCITADORES Y BASUREROS,53654.05
0000000099,0000000016,10,AREA DE EJERCITADORES,50734.14
0000000100,0000000016,11,MOBILIARIO,389262.98
0000000101,0000000016,12,BAÑOS,11883.00
0000000102,0000000016,13,REPARACION DE CANCHAS,251951.70
0000000103,0000000016,14,ANDADORES,170761.78
0000000104,0000000016,15,LIMPIEZA DE LA OBRA,25725.19
0000000105,0000000017,1,REHABILITACION CAMINO ALFARO,4314416.27
0000000106,0000000018,1,PRELIMINARES CICLOVIA,658015.59
0000000107,0000000018,2,ACARREOS EN CAMION CICLOVIA,383124.75
0000000108,0000000018,3,BASES Y SUB-BASES CICLOVIA,878898.53
0000000109,0000000018,4,PAVIMENTOS DE CONCRETO CICLOVIA,2175122.62
0000000110,0000000018,5,DRENAJE PLUVIAL CICLOVIA,19490.55
0000000111,0000000018,6,LIMPIEZA DE OBRA CICLOVIA,53383.31
0000000112,0000000018,7,PRELIMINARES DE IMAGEN URBANA,50160.81
0000000113,0000000018,8,ACARREOS EN CAMION DE IMAGEN URBANA,163368.40
0000000114,0000000018,9,PAVIMENTOS DE CONCRETO IMAGEN URBANA,1759951.47
0000000115,0000000018,10,MOBILIARIO IMAGEN URBANA,577546.11
0000000116,0000000018,11,JARDINERÍA IMAGEN URBANA,1478408.04
0000000117,0000000018,12,LIMPIEZA DE OBRA IMAGEN URBANA,8490.81
0000000118,0000000018,13,SEÑALAMIENTO HORIZONTAL,899356.22
0000000119,0000000018,14,SEÑALAMIENTO VERTICAL,271077.54
0000000120,0000000018,15,SEÑALAMIENTO PARA CICLOVIA,85376.46
0000000121,0000000018,16,SEÑALAMIENTOS DIVERSOS,109147.51
0000000122,0000000018,17,OBRA CIVIL SEMAFORIZACION,343729.93
0000000123,0000000018,18,INFRAESTRUCTURA SEMAFORICA,422466.64
0000000124,0000000018,19,CABEZAS SEMAFORICAS,441686.82
0000000125,0000000018,20,COMUNICACIÓN,1673316.36
0000000126,0000000018,21,SEÑALAMIENTO DE PROTECCION DE OBRA,280108.09
0000000127,0000000019,1,PRELIMINARES DE AGUA POTABLE,31713.97
0000000128,0000000019,2,RELLENOS Y ACARREOS DE AGUA POTABLE,103823.33
0000000129,0000000019,3,SUMINISTROS DE AGUA POTABLE,23403.94
0000000130,0000000019,4,MANO DE OBRA DE AGUA POTABLE,70119.20
0000000131,0000000019,5,LIMPIEZA DE OBRA DE AGUA POTABLE,1073.22
0000000132,0000000019,6,PRELIMINARES DRENAJE SANITARIO,17666.75
0000000133,0000000019,7,RELLENOS Y ACARREOS DRENAJE SANITARIO,156467.09
0000000134,0000000019,8,SUMINISTROS DRENAJE SANITARIO,49230.29
0000000135,0000000019,9,MANO DE OBRA DRENAJE SANITARIO,30057.95
0000000136,0000000019,10,REPOSICION DE PAVIMENTOS DRENAJE SANITARIO,1363.66
0000000137,0000000019,11,LIMPIEZA DE OBRA DRENAJE SANITARIO,536.30
0000000138,0000000019,12,PRELIMINARES DESCARGAS DOMICILIARIAS,22526.65
0000000139,0000000019,13,RELLENOS Y ACARREOS DESCARGAS DOMICILIARIAS,129532.81
0000000140,0000000019,14,SUMINISTROS DESCARGAS DOMICILIARIAS,35965.03
0000000141,0000000019,15,MANO DE OBRA DESCARGAS DOMICILIARIAS,45625.16
0000000142,0000000019,16,LIMPIEZA DE OBRA DESCARGAS DOMICILIARIAS,892.80
0000000143,0000000019,17,PRELIMINARES ARROYOS Y GUARNICIONES,47836.52
0000000144,0000000019,18,ACARREOS EN CAMION ARROYOS Y GUARNICIONES,146107.82
0000000145,0000000019,19,BASES Y SUB-BASES ARROYOS Y GUARNICIONES,186695.78
0000000146,0000000019,20,PAVIMENTOS ASFALTICOS ARROYOS Y GUARNICIONES,24496.99
0000000147,0000000019,21,PAVIMENTOS DE CONCRETO ARROYOS Y GUARNICIONES,568332.03
0000000148,0000000019,22,DRENAJE SANITARIO ARROYOS Y GUARNICIONES,9514.98
0000000149,0000000019,23,LIMPIEZA DE OBRA ARROYOS Y GUARNICIONES,4176.07
0000000150,0000000019,24,PRELIMINARES BANQUETAS,67624.92
0000000151,0000000019,25,ACARREOS BANQUETAS,25396.35
0000000152,0000000019,26,BASES BANQUETAS,36268.73
0000000153,0000000019,27,PAVIMENTOS BANQUETAS,203866.16
0000000154,0000000019,28,LIMPIEZA DE OBRA BANQUETAS,2924.14
0000000155,0000000019,29,SEÑALAMIENTO HORIZONTAL,46472.45
0000000156,0000000019,30,SEÑALAMIENTO VERTICAL,9126.31
0000000157,0000000019,31,RED DE ALUMBRADO PUBLICO,104445.73
0000000158,0000000020,1,LEVANTAMIENTOS TRIDIMENSIONALES,7170.25
0000000159,0000000020,2,INVENTARIOS,4765.15
0000000160,0000000020,3,ANTEPROYECTO,9583.35
0000000161,0000000020,4,PROYECTO ARQUITECTÓNICO,38071.34
0000000162,0000000020,5,PROYECTO CONSTRUCTIVO,41350.47
0000000163,0000000020,6,PROYECTO ESTRUCTURAL,33849.44
0000000164,0000000020,7,PROYECTO DE INSTALACIÓN ELÉCTRICA,35181.83
0000000165,0000000020,8,PROYECTO INST. HIDROSANITARIA Y PLUVIAL,18277.89
0000000166,0000000020,9,PROYECTO DE INSTALACIONES ESPECIALES,35160.32
0000000167,0000000020,10,ENTREGA INSTALCIONES ESPECIALES,24370.31
0000000168,0000000020,11,ENTREGA,14844.73
0000000169,0000000021,1,LEVANTAMIENTOS,15556.88
0000000170,0000000021,2,ESTUDIOS DE MECANICA DE SUELOS TRABAJOS DE CAMPO,5043.86
0000000171,0000000021,3,TRABAJOS DE LABORATORIO MECANICA DE SUELOS,25837.08
0000000172,0000000021,4,SERVICIOS DE INGENIERÍA MECANICA DE SUELOS,17807.08
0000000173,0000000021,5,PROYECTO ARQUITECTÓNICO,18298.28
0000000174,0000000021,6,PROYECTO ESTRUCTURAL,35233.65
0000000175,0000000021,7,PROYECTO DE  CONSTRUCTIVO,24286.42
0000000176,0000000021,8,PROYECTO DE INSTALACIÓN,74896.81
0000000177,0000000021,9,PROYECTO EJECUTIVO (INSTALACIONS ESPECIALES),41952.41
0000000178,0000000021,10,PRESENTACION DEL PROYECTO,9808.75
0000000179,0000000021,11,"CATÁLOGO DE CONCEPTOS, GENERADORES Y PRESUPUESTO BASE",18545.92
0000000180,0000000021,12,ENTREGA FINAL DEL PROYECTO EJECUTIVO,8365.08
0000000181,0000000022,1,"DISEÑO, GERENCIAMIENTOY ASESORÍA",1276452.04
0000000182,0000000023,1,TOPOGRAFIA DE LA CORONACION,5392.10
0000000183,0000000023,2,TRAMITES DE LA CORONACION,1254.88
0000000184,0000000023,3,SONDEOS DE LA CORONACION,3945.16
0000000185,0000000023,4,ANTEPROYECTO DE LA CORONACION,7280.14
0000000186,0000000023,5,PROYECTO DE LA CORONACION,8475.31
0000000187,0000000023,6,ENTREGA DE LA CORONACION,7219.71
0000000188,0000000023,7,MECANICA DE SUELOS DE LA CORONACION (CONSIDERADO COMO SUBCONTRATO).,22468.33
0000000189,0000000023,8,TRAMITES TENCA,1254.88
0000000190,0000000023,9,TOPOGRAFIA TENCA,11400.65
0000000191,0000000023,10,SONDEOS TENCA,5260.20
0000000192,0000000023,11,ANTEPROYECTO TENCA,20652.45
0000000193,0000000023,12,PROYECTO TENCA,24506.83
0000000194,0000000023,13,ENTREGA TENCA,12749.05
0000000195,0000000023,14,MECANICA DE SUELOS ENTRE 1 M. Y 287 M. (CONSIDERADO COMO SUBCONTRATO).,22468.33
0000000196,0000000023,15,TOPOGRAFIA PAULINO DURÁN,11400.65
0000000197,0000000023,16,TRAMITES PAULINO DURÁN,1254.88
0000000198,0000000023,17,SONDEOS PAULINO DURÁN,5260.20
0000000199,0000000023,18,ANTEPROYECTO PAULINO DURÁN,20652.45
0000000200,0000000023,19,PROYECTO PAULINO DURÁN,24506.83
0000000201,0000000023,20,ENTREGA PAULINO DURÁN,12749.05
0000000202,0000000023,21,MECANICA DE SUELOS PAULINO DURÁN. (CONSIDERADO COMO SUBCONTRATO).,22468.33
0000000203,0000000024,1,DICTAMEN ESTRUCTURAL,55773.36
0000000204,0000000025,1,TOPOGRAFÍA,74517.71
0000000205,0000000025,2,INVENTARIOS,35571.54
0000000206,0000000025,3,TRAMITES ADECUACIÓN BLVD. MORELOS TRAMO: BLVD. CLOUTHIER A BLVD. INSURGENTES,1335.36
0000000207,0000000025,4,SONDEOS CON EXCAVACIÓN ADECUACIÓN BLVD. MORELOS TRAMO: BLVD. CLOUTHIER A BLVD. INSURGENTES,2229.40
0000000208,0000000025,5,PROYECTO ADECUACIÓN BLVD. MORELOS TRAMO: BLVD. CLOUTHIER A BLVD. INSURGENTES,429129.54
0000000209,0000000025,6,PROYECTO DE CICLOVIA ADECUACIÓN BLVD. MORELOS TRAMO: BLVD. CLOUTHIER A BLVD. INSURGENTES,44336.68
0000000210,0000000025,7,PROYECTO ESTRUCTURA PARA RETORNO ADECUACIÓN BLVD. MORELOS TRAMO: BLVD. CLOUTHIER A BLVD. INSURGENTES,125482.28
0000000211,0000000025,8,AFECTACIONES ADECUACIÓN BLVD. MORELOS TRAMO: BLVD. CLOUTHIER A BLVD. INSURGENTES,18632.01
0000000212,0000000025,9,ESTUDIO HIDROLOGICO ADECUACIÓN BLVD. MORELOS TRAMO: BLVD. CLOUTHIER A BLVD. INSURGENTES,30115.75
0000000213,0000000025,10,ENTREGA ADECUACIÓN BLVD. MORELOS TRAMO: BLVD. CLOUTHIER A BLVD. INSURGENTES,67645.50
0000000214,0000000026,1,TOPOGRAFIA PLAYAS DE SOTELO,40684.59
0000000215,0000000026,2,TRAMITES PLAYAS DE SOTELO,1254.88
0000000216,0000000026,3,SONDEOS PLAYAS DE SOTELO,5260.20
0000000217,0000000026,4,ANTEPROYECTO PLAYAS DE SOTELO,40578.11
0000000218,0000000026,5,PROYECTO PLAYAS DE SOTELO,59478.24
0000000219,0000000026,6,ENTREGA PLAYAS DE SOTELO,24406.58
0000000220,0000000026,7,MECANICA DE SUELOS PLAYAS DE SOTELO(CONSIDERADO COMO SUBCONTRATO).,33273.91
0000000221,0000000027,1,TOPOGRAFIA CALLE DE SACRISTAN,6668.52
0000000222,0000000027,2,TRAMITES CALLE DE SACRISTAN,1254.88
0000000223,0000000027,3,SONDEOS CALLE DE SACRISTAN,5260.20
0000000224,0000000027,4,ANTEPROYECTO CALLE DE SACRISTAN,11423.44
0000000225,0000000027,5,PROYECTO CALLE DE SACRISTAN,13281.49
0000000226,0000000027,6,ENTREGA CALLE DE SACRISTAN,10626.77
0000000227,0000000027,7,MECANICA DE SUELOS CALLE DE SACRISTAN (CONSIDERADO COMO SUBCONTRATO).,22468.33
0000000228,0000000028,1,ESTUDIOS DE MANIFIESTOIMPACTO AMBIENTAL  PAQUETE 5,476280.98
0000000229,0000000029,1,TOPOGRAFÍA CALLE COSTA AZUL,9384.79
0000000230,0000000029,2,PROYECTO CALLE COSTA AZUL,118517.93
0000000231,0000000029,3,ENTREGA CALLE COSTA AZUL,26918.78
0000000232,0000000029,4,ENTREGA FINAL CALLE COSTA AZUL,6650.50
0000000233,0000000030,1,ESTUDIOS A NIVEL DE PROYECTO EJECUTIVO,73337.55
0000000234,0000000030,2,PROYECTO ESTRUCTURAL,213022.35
0000000235,0000000030,3,TRABAJOS DE CAMPO (ESTUDIO DE MECANICA DE SUELOS),37828.98
0000000236,0000000030,4,PRUEBAS DE LABORATORIO (ESTUDIO DE MECANICA DE SUELOS) (CONSIDERADO COMO SUBCONTRATO),200208.60
0000000237,0000000030,5,SERVICIOS DE INGENIERÍA (ESTUDIO DE MECANICA DE SUELOS),57765.68
0000000238,0000000030,6,CUANTIFICACION Y PRESUPUESTO,5235.60
0000000239,0000000030,7,ENTREGA,24906.00
0000000240,0000000031,1,PRELIMINARES Y LEVANTAMIENTOS DEL ESTADO ACTUAL,181616.55
0000000241,0000000031,2,PROYECTO EJECUTIVO,148052.16
0000000242,0000000031,3,PROYECTO DE INTALACIONES,82678.45
0000000243,0000000031,4,PROYECTO  DE INSTALACIONES ESPECIALES,11505.34
0000000244,0000000031,5,PERMISOS,2405.71
0000000245,0000000031,6,GENERALES,44969.00
0000000246,0000000031,7,ENTREGA,155227.27
0000000247,0000000032,1,LEVANTAMIENTOS FRAC. SANTA JULIA Y VILLAS MARIANA,10503.57
0000000248,0000000032,2,INVENTARIOS FRAC. SANTA JULIA Y VILLAS MARIANA,2259.65
0000000249,0000000032,3,PROYECTO ARQUITECTÓNICO FRAC. SANTA JULIA Y VILLAS MARIANA,18778.73
0000000250,0000000032,4,PROYECTO CONSTRUCTIVO FRAC. SANTA JULIA Y VILLAS MARIANA,8532.77
0000000251,0000000032,5,PROYECTO DE INSTALACIÓN ELÉCTRICA FRAC. SANTA JULIA Y VILLAS MARIANA,12578.24
0000000252,0000000032,6,ENTREGA FRAC. SANTA JULIA Y VILLAS MARIANA,28401.12
0000000253,0000000033,1,LEVANTAMIENTOS COL. SAUCILLOS DE LA JOYA,14004.76
0000000254,0000000033,2,INVENTARIOS COL. SAUCILLOS DE LA JOYA,2259.65
0000000255,0000000033,3,PROYECTO ARQUITECTÓNICO COL. SAUCILLOS DE LA JOYA,15648.94
0000000256,0000000033,4,PROYECTO CONSTRUCTIVO COL. SAUCILLOS DE LA JOYA,10665.96
0000000257,0000000033,5,PROYECTO DE INSTALACIÓN ELÉCTRICA COL. SAUCILLOS DE LA JOYA,12578.24
0000000258,0000000033,6,ENTREGA COL. SAUCILLOS DE LA JOYA,26798.55
0000000259,0000000034,1,LEVANTAMIENTOS  COL. FRACC. FRACCIONES DE SAN JUAN BAUTISTA,17505.95
0000000260,0000000034,2,INVENTARIOS   COL. FRACC. FRACCIONES DE SAN JUAN BAUTISTA,2259.65
0000000261,0000000034,3,PROYECTO ARQUITECTÓNICO  COL. FRACC. FRACCIONES DE SAN JUAN BAUTISTA,18778.73
0000000262,0000000034,4,PROYECTO CONSTRUCTIVO  COL. FRACC. FRACCIONES DE SAN JUAN BAUTISTA,14932.35
0000000263,0000000034,5,PROYECTO DE INSTALACIÓN ELÉCTRICA  COL. FRACC. FRACCIONES DE SAN JUAN BAUTISTA,16844.63
0000000264,0000000034,6,ENTREGA  COL. FRACC. FRACCIONES DE SAN JUAN BAUTISTA,36370.75
0000000265,0000000035,1,TOPOGRAFIA SAN JOSE DE LAS JOYAS,11400.65
0000000266,0000000035,2,TRAMITES SAN JOSE DE LAS JOYAS,1254.88
0000000267,0000000035,3,SONDEOS SAN JOSE DE LAS JOYAS,5260.20
0000000268,0000000035,4,ANTEPROYECTO SAN JOSE DE LAS JOYAS,20652.45
0000000269,0000000035,5,PROYECTO SAN JOSE DE LAS JOYAS,24506.83
0000000270,0000000035,6,ENTREGA SAN JOSE DE LAS JOYAS,12749.05
0000000271,0000000035,7,MECANICA DE SUELOS SAN JOSE DE LAS JOYAS. (CONSIDERADO COMO SUBCONTRATO).,22468.33
0000000272,0000000036,1,TOPOGRAFIA SAN JOSE DE BUENAVENTURA,17878.11
0000000273,0000000036,2,TRAMITES SAN JOSE DE BUENAVENTURA,1254.88
0000000274,0000000036,3,SONDEOS SAN JOSE DE BUENAVENTURA,5260.20
0000000275,0000000036,4,ANTEPROYECTO SAN JOSE DE BUENAVENTURA,26463.93
0000000276,0000000036,5,PROYECTO SAN JOSE DE BUENAVENTURA,34191.07
0000000277,0000000036,6,ENTREGA SAN JOSE DE BUENAVENTURA.,15652.03
0000000278,0000000036,7,MECANICA DE SUELOS SAN JOSE DE BUENAVENTURA. (CONSIDERADO COMO SUBCONTRATO).,27871.12
0000000279,0000000037,1,TOPOGRAFIA DEL RESPLANDOR,15515.24
0000000280,0000000037,2,TRAMITES DEL RESPLANDOR,1254.88
0000000281,0000000037,3,SONDEOS DEL RESPLANDOR,5260.20
0000000282,0000000037,4,ANTEPROYECTO DEL RESPLANDOR,24287.48
0000000283,0000000037,5,PROYECTO DEL RESPLANDOR,30554.23
0000000284,0000000037,6,ENTREGA DEL RESPLANDOR,14661.16
0000000285,0000000037,7,MECANICA DE SUELOS DEL RESPLANDOR(CONSIDERADO COMO SUBCONTRATO).,22468.33
0000000286,0000000038,1,LEVANTAMIENTOS,10503.57
0000000287,0000000038,2,INVENTARIOS,2259.66
0000000288,0000000038,3,PROYECTO ARQUITECTÓNICO,18778.73
0000000289,0000000038,4,PROYECTO CONSTRUCTIVO,8532.77
0000000290,0000000038,5,PROYECTO DE INSTALACIÓN ELÉCTRICA,12578.24
0000000291,0000000038,6,ENTREGA,29575.52
0000000292,0000000039,1,TOPOGRAFIA DE LA CALLE FRAY DANIEL MIRELES,20878.71
0000000293,0000000039,2,TRAMITES DE LA CALLE FRAY DANIEL MIRELES,1254.88
0000000294,0000000039,3,SONDEOS DE LA CALLE FRAY DANIEL MIRELES,5260.20
0000000295,0000000039,4,ANTEPROYECTO DE LA CALLE FRAY DANIEL MIRELES,26463.93
0000000296,0000000039,5,PROYECTO DE LA CALLE FRAY DANIEL MIRELES,34191.07
0000000297,0000000039,6,ENTREGA DE LA CALLE FRAY DANIEL MIRELES,16373.08
0000000298,0000000039,7,MECANICA DE SUELOS DE LA CALLE FRAY DANIEL MIRELES,27871.12
0000000299,0000000040,1,TOPOGRAFIA DE LA CALLE BETANIA,9280.83
0000000300,0000000040,2,TRAMITES DE LA CALLE BETANIA,1254.88
0000000301,0000000040,3,SONDEOS DE LA CALLE BETANIA,5260.20
0000000302,0000000040,4,ANTEPROYECTO DE LA CALLE BETANIA,16156.15
0000000303,0000000040,5,PROYECTO DE LA CALLE BETANIA,18877.74
0000000304,0000000040,6,ENTREGA DE LA CALLE BETANIA,11724.70
0000000305,0000000040,7,MECANICA DE SUELOS DE LA CALLE BETANIA (CONSIDERADO COMO SUBCONTRATO).,22468.33
0000000306,0000000041,1,TOPOGRAFIA DE LA CALLE VALERIANA,7314.89
0000000307,0000000041,2,TRAMITES DE LA CALLE VALERIANA,1254.88
0000000308,0000000041,3,SONDEOS DE LA CALLE VALERIANA,5260.20
0000000309,0000000041,4,ANTEPROYECTO DE LA CALLE VALERIANA,11423.44
0000000310,0000000041,5,PROYECTO DE LA CALLE VALERIANA,13281.49
0000000311,0000000041,6,ENTREGA DE LA CALLE VALERIANA,10742.15
0000000312,0000000041,7,MECANICA DE SUELOS DE LA CALLE VALERIANA (CONSIDERADO COMO SUBCONTRATO).,22468.33
0000000313,0000000042,1,TOPOGRAFÍA E INVENTARIOS.,30681.26
0000000314,0000000042,2,TRAMITOLOGIA.,7606.74
0000000315,0000000042,3,PROYECTO BASICO.,152624.74
0000000316,0000000042,4,PROYECTO DE INSTALACIONES ESPECIALES.,35341.24
0000000317,0000000042,5,PROYECTO ESTRUCTURAL.,90969.84
0000000318,0000000042,6,COSTEO Y PROGRAMACIÓN.,49992.04
0000000319,0000000042,7,"ENCARPETADO, PLANOS Y RESPALDO DIGITAL.",19562.40
0000000320,0000000042,8,MECANICA DE SUELOS. TRABAJOS DE CAMPO. (CONSIDERADO COMO SUBCONTRATO).,10754.22
0000000321,0000000042,9,MECANICA DE SUELOS. TRABAJOS DE LABORATORIO. (CONSIDERADO COMO SUBCONTRATO).,23383.09
0000000322,0000000042,10,MECANICA DE SUELOS. INFORME Y DISEÑO DE PAVIMENTO. (CONSIDERADO COMO SUBCONTRATO).,4551.53
0000000323,0000000043,1,LEVANTAMIENTOS,21007.14
0000000324,0000000043,2,INVENTARIOS,2259.66
0000000325,0000000043,3,PROYECTO ARQUITECTÓNICO,18778.73
0000000326,0000000043,4,PROYECTO CONSTRUCTIVO,12799.16
0000000327,0000000043,5,PROYECTO DE INSTALACIÓN ELÉCTRICA,16844.63
0000000328,0000000043,6,ENTREGA,33298.38
0000000329,0000000044,1,LEVANTAMIENTOS,24508.33
0000000330,0000000044,2,INVENTARIOS,2259.66
0000000331,0000000044,3,PROYECTO ARQUITECTÓNICO,18778.73
0000000332,0000000044,4,PROYECTO CONSTRUCTIVO,19198.73
0000000333,0000000044,5,PROYECTO DE INSTALACIÓN ELÉCTRICA,21000.56
0000000334,0000000044,6,ENTREGA,39696.34
0000000335,0000000045,1,LEVANTAMIENTOS,10503.57
0000000336,0000000045,2,INVENTARIOS,2259.66
0000000337,0000000045,3,PROYECTO ARQUITECTÓNICO,18778.73
0000000338,0000000045,4,PROYECTO CONSTRUCTIVO,8532.77
0000000339,0000000045,5,PROYECTO DE INSTALACIÓN ELÉCTRICA,12578.24
0000000340,0000000045,6,ENTREGA,29575.52
0000000347,0000000047,1,LEVANTAMIENTOS,10503.57
0000000348,0000000047,2,INVENTARIOS,2259.66
0000000349,0000000047,3,PROYECTO ARQUITECTÓNICO,18778.73
0000000350,0000000047,4,PROYECTO CONSTRUCTIVO,8532.77
0000000351,0000000047,5,PROYECTO DE INSTALACIÓN ELÉCTRICA,12578.24
0000000352,0000000047,6,ENTREGA,29575.52
0000000353,0000000048,1,LEVANTAMIENTOS,17505.95
0000000354,0000000048,2,INVENTARIOS,2259.66
0000000355,0000000048,3,PROYECTO ARQUITECTÓNICO,18778.73
0000000356,0000000048,4,PROYECTO CONSTRUCTIVO,14932.35
0000000357,0000000048,5,PROYECTO DE INSTALACIÓN ELÉCTRICA,16844.63
0000000358,0000000048,6,ENTREGA,37545.13
0000000359,0000000049,1,LEVANTAMIENTOS,10503.57
0000000360,0000000049,2,INVENTARIOS,2259.66
0000000361,0000000049,3,PROYECTO ARQUITECTÓNICO,18778.73
0000000362,0000000049,4,PROYECTO CONSTRUCTIVO,8532.77
0000000363,0000000049,5,PROYECTO DE INSTALACIÓN ELÉCTRICA,12578.24
0000000364,0000000049,6,ENTREGA,29575.52
0000000365,0000000050,1,PRELIMINARES,417871.35
0000000366,0000000050,2,ACARREOS EN CAMION,111948.55
0000000367,0000000050,3,BASES Y SUB-BASES,347112.67
0000000368,0000000050,4,PAVIMENTOS DE CONCRETO,2356262.68
0000000369,0000000050,5,LIMPIEZA DE OBRA,39334.68
0000000370,0000000050,6,MOBILIARIO,404844.14
0000000371,0000000050,7,JARDINERÍA,55652.77
0000000372,0000000050,8,SEÑALAMIENTO HORIZONTAL,554131.58
0000000373,0000000050,9,SEÑALAMIENTO VERTICAL,168566.23
0000000374,0000000050,10,SEÑALAMIENTO PARA CICLOVIA,52773.25
0000000375,0000000050,11,OBRA CIVIL,336691.57
0000000376,0000000050,12,INFRAESTRUCTURA SEMAFORICA,594307.66
0000000377,0000000050,13,CABEZAS SEMAFORICAS,497592.78
0000000378,0000000050,14,COMUNICACIÓN,1326637.54
0000000379,0000000050,15,SEÑALAMIENTO DE PROTECCION DE OBRA,162567.65
0000000380,0000000051,1,TOPOGRAFIA FRANCISCO LOPEZ DE VELASCO,24951.89
0000000381,0000000051,2,TRAMITES FRANCISCO LOPEZ DE VELASCO,1254.88
0000000382,0000000051,3,SONDEOS FRANCISCO LOPEZ DE VELASCO,5260.20
0000000383,0000000051,4,ANTEPROYECTO FRANCISCO LOPEZ DE VELASCO,31917.57
0000000384,0000000051,5,PROYECTO FRANCISCO LOPEZ DE VELASCO,44122.91
0000000385,0000000051,6,ENTREGA FRANCISCO LOPEZ DE VELASCO,18683.33
0000000386,0000000051,7,MECANICA DE SUELOS FRANCISCO LOPEZ DE VELASCO (CONSIDERADO COMO SUBCONTRATO).,27871.12
0000000387,0000000051,8,TOPOGRAFIA FRANCISCO M SANCHEZ,24951.89
0000000388,0000000051,9,TRAMITES FRANCISCO M SANCHEZ,1254.88
0000000389,0000000051,10,SONDEOS FRANCISCO M SANCHEZ,5260.20
0000000390,0000000051,11,ANTEPROYECTO FRANCISCO M SANCHEZ,31917.57
0000000391,0000000051,12,PROYECTO FRANCISCO M SANCHEZ,44122.91
0000000392,0000000051,13,ENTREGA FRANCISCO M SANCHEZ,18683.33
0000000393,0000000051,14,MECANICA DE SUELOS FRANCISCO M SANCHEZ (CONSIDERADO COMO SUBCONTRATO).,27871.12
0000000394,0000000052,1,TOPOGRAFIA TORRE DE MARFIL,13735.81
0000000395,0000000052,2,TRAMITES TORRE DE MARFIL,1254.88
0000000396,0000000052,3,SONDEOS TORRE DE MARFIL,5260.20
0000000397,0000000052,4,ANTEPROYECTO TORRE DE MARFIL,22605.65
0000000398,0000000052,5,PROYECTO TORRE DE MARFIL,27626.72
0000000399,0000000052,6,ENTREGA TORRE DE MARFIL,13804.28
0000000400,0000000052,7,MECANICA DE SUELOS TORRE DE MARFIL (CONSIDERADO COMO SUBCONTRATO).,22468.33
0000000401,0000000053,1,TOPOGRAFIA SAN JOSE DE LAS LAJAS,17878.11
0000000402,0000000053,2,TRAMITES SAN JOSE DE LAS LAJAS,1254.88
0000000403,0000000053,3,SONDEOS SAN JOSE DE LAS LAJAS,5260.20
0000000404,0000000053,4,ANTEPROYECTO SAN JOSE DE LAS LAJAS.,26463.93
0000000405,0000000053,5,PROYECTO SAN JOSE DE LAS LAJAS,34191.07
0000000406,0000000053,6,ENTREGA SAN JOSE DE LAS LAJAS,15652.03
0000000407,0000000053,7,MECANICA DE SUELOS SAN JOSE DE LAS LAJAS (CONSIDERADO COMO SUBCONTRATO).,27871.12
0000000408,0000000054,1,TOPOGRAFÍA,5748.73
0000000409,0000000054,2,PROYECTO Y ANTEPROYECTO,225222.26
0000000410,0000000054,3,ENTREGA,60232.92
0000000411,0000000055,1,PRELIMINARES (ESTRUCTURA TEMPORAL EN CICLOVÍA Y ANDADORES),319047.29
0000000412,0000000055,2,ACARREOS EN CAMION (ESTRUCTURA TEMPORAL EN CICLOVÍA Y ANDADORES),103067.23
0000000413,0000000055,3,BASES Y SUB BASES (ESTRUCTURA TEMPORAL EN CICLOVÍA Y ANDADORES),430378.71
0000000414,0000000055,4,FORMACION DE ESTRUCTURA TEMPORAL (ESTRUCTURA TEMPORAL EN CICLOVÍA Y ANDADORES),2349455.27
0000000415,0000000055,5,LIMPIEZA GENERAL DE LA OBRA (ESTRUCTURA TEMPORAL EN CICLOVÍA Y ANDADORES),30553.44
0000000416,0000000055,6,PRELIMINARES (ZONAS DE DESCANSO),16288.62
0000000417,0000000055,7,ACARREOS EN CAMION (ZONAS DE DESCANSO),6071.63
0000000418,0000000055,8,BASES Y SUB BASES (ZONAS DE DESCANSO),28365.41
0000000419,0000000055,9,FORMACION DE ESTRUCTURAS TEMPORALES (ZONAS DE DESCANSO),163485.04
0000000420,0000000055,10,MOBILIARIO TEMPORAL (ZONAS DE DESCANSO),700040.86
0000000421,0000000055,11,LIMPIEZA GENERAL (ZONAS DE DESCANSO),2070.10
0000000422,0000000055,12,MURO GAVION (ZONAS DE DESCANSO),515524.20
0000000423,0000000055,13,LIMPIEZA GENERAL DEL MEJORAMIENTO DEL PARQUE LINEAL (ZONAS DE DESCANSO),2951.42
0000000424,0000000055,14,SEÑALAMIENTO HORIZONTAL (SEÑALAMIENTO OPERATIVO),85039.36
0000000425,0000000055,15,REUBICACIÓN DE SEÑALAMIENTO VERTICAL (SEÑALAMIENTO OPERATIVO),12815.09
0000000426,0000000055,16,SEÑALAMIENTO VERTICAL (SEÑALAMIENTO OPERATIVO),35943.83
0000000427,0000000055,17,SEÑALAMIENTO PROTECCION DE OBRA,141537.23
0000000428,0000000055,18,MEDICIÓN Y CONTROL (ALUMBRADO PÚBLICO) (SE CONSIDERA COMO SUBCONTRATO),75296.51
0000000429,0000000055,19,"POSTE, LUMINARIOS, CONDUCTORES Y REGISTROS (ALUMBRADO PÚBLICO) (SE CONSIDERA COMO SUBCONTRATO)",2116746.63
0000000430,0000000055,20,LÍNEA AÉREA DE MEDIA TENSIÓN (SE CONSIDERA COMO SUBCONTRATO),244799.59
0000000431,0000000056,1,TOPOGRAFIA TORRE DE MARFIL,13735.81
0000000432,0000000056,2,TRAMITES TORRE DE MARFIL,1254.88
0000000433,0000000056,3,SONDEOS TORRE DE MARFIL,5260.20
0000000434,0000000056,4,ANTEPROYECTO TORRE DE MARFIL,22605.65
0000000435,0000000056,5,PROYECTO TORRE DE MARFIL,27626.72
0000000436,0000000056,6,ENTREGA TORRE DE MARFIL,13804.28
0000000437,0000000056,7,MECANICA DE SUELOS TORRE DE MARFIL (CONSIDERADO COMO SUBCONTRATO).,22468.33
0000000438,0000000056,8,TOPOGRAFIA SAN JOSE DE LAS LAJAS,17878.11
0000000439,0000000056,9,TRAMITES SAN JOSE DE LAS LAJAS,1254.88
0000000440,0000000056,10,SONDEOS SAN JOSE DE LAS LAJAS,5260.20
0000000441,0000000056,11,ANTEPROYECTO SAN JOSE DE LAS LAJAS.,26463.93
0000000442,0000000056,12,PROYECTO SAN JOSE DE LAS LAJAS,34191.07
0000000443,0000000056,13,ENTREGA SAN JOSE DE LAS LAJAS,15652.03
0000000444,0000000056,14,MECANICA DE SUELOS SAN JOSE DE LAS LAJAS (CONSIDERADO COMO SUBCONTRATO).,27871.12
0000000445,0000000057,1,PRELIMINARES,7539.00
0000000446,0000000057,2,ESTRUCTURA,509451.30
0000000447,0000000057,3,CUBIERTA,150467.36
0000000448,0000000057,4,INSTALACION DRENAJE PLUVIAL,12905.72
0000000449,0000000057,5,LIMPIEZA,3859.80
0000000450,0000000057,6,CIMENTACION,91974.06
0000000451,0000000057,7,OBRA COMPLEMENTARIA PRELIMINARES,3672.58
0000000452,0000000057,8,OBRA COMPLEMENTARIA ALUMBRADO,36908.88
0000000453,0000000057,9,OBRA COMPLEMENTARIA DRENAJE PLUVIAL,38838.73
0000000454,0000000057,10,LETRERO NORMATIVO:,1643.28
0000000455,0000000057,11,OBRA COMPLEMENTARIA,44817.11
0000000456,0000000058,1,PRELIMINARES REPOSICION Y/O REHABILITACION LINEAS AGUA POTABLE,14309.96
0000000457,0000000058,2,ACARREOS REPOSICION Y/O REHABILITACION LINEAS AGUA POTABLE,15616.28
0000000458,0000000058,3,RELLENOS REPOSICION Y/O REHABILITACION LINEAS AGUA POTABLE,20422.14
0000000459,0000000058,4,SUMINISTRO DE REPOSICION Y/O REHABILITACION LINEAS AGUA POTABLE,24155.88
0000000460,0000000058,5,MANO DE OBRA DE REPOSICION Y/O REHABILITACION LINEAS AGUA POTABLE,45378.27
0000000461,0000000058,6,LIMPIEZA DE REPOSICION Y/O REHABILITACION LINEAS AGUA POTABLE,859.17
0000000462,0000000058,7,PRELIMINARES Y TRABAJOS COMPLEMENTARIOS DRENAJE SANITARIO,15699.14
0000000463,0000000058,8,ACARREOS DRENAJE SANITARIO,17206.48
0000000464,0000000058,9,RELLENOS DRENAJE SANITARIO,31597.06
0000000465,0000000058,10,SUMINISTRO DRENAJE SANITARIO,29442.76
0000000466,0000000058,11,MANO DE OBRA DRENAJE SANITARIO,18723.45
0000000467,0000000058,12,LIMPIEZA DRENAJE SANITARIO,381.42
0000000468,0000000058,13,PRELIMINARES DESCARGAS SANITARIAS,15398.70
0000000469,0000000058,14,ACARREOS DESCARGAS SANITARIAS,22353.33
0000000470,0000000058,15,RELLENOS DESCARGAS SANITARIAS,28775.36
0000000471,0000000058,16,SUMINISTRO DE DESCARGAS SANITARIAS,17236.00
0000000472,0000000058,17,MANO DE OBRA DE DESCARGAS SANITARIAS,36891.85
0000000473,0000000058,18,LIMPIEZA DESCARGAS SANITARIAS,586.80
0000000474,0000000058,19,PRELIMINARES Y TRABAJOS COMPLEMENTARIOS ARROYO Y GUARNICIONES,18897.89
0000000475,0000000058,20,BASES Y SUB-BASES ARROYO Y GUARNICIONES,60276.98
0000000476,0000000058,21,ACARREOS EN CAMION ARROYO Y GUARNICIONES,46914.59
0000000477,0000000058,22,PAVIMENTOS HIDRAULICOS ARROYO Y GUARNICIONES,255999.13
0000000478,0000000058,23,PAVIMENTOS ASFALTICOS ARROYO Y GUARNICIONES,17053.69
0000000479,0000000058,24,LIMPIEZA DE ARROYO Y GUARNICIONES,3106.13
0000000480,0000000058,25,PRELIMINARES Y TRABAJOS COMPLEMENTARIOS BANQUETAS,8387.14
0000000481,0000000058,26,ACARREOS EN CAMION BANQUETAS,5212.62
0000000482,0000000058,27,BASES BANQUETAS,13708.75
0000000483,0000000058,28,PAVIMENTOS BANQUETAS,56905.35
0000000484,0000000058,29,LIMPIEZA BANQUETAS,1692.53
0000000485,0000000058,30,SEÑALAMIENTO DE PROTECCION DE OBRA,8716.57
0000000486,0000000058,31,SEÑALAMIENTO HORIZONTAL,15511.56
0000000487,0000000058,32,SEÑALAMIENTO VERTICAL,3389.36
0000000488,0000000058,33,RED DE ALUMBRADO PUBLICO,60215.81
0000000489,0000000059,1,PRELIMINARES SANITARIO AISLADO,679.99
0000000490,0000000059,2,CIMENTACION SANITARIO AISLADO,99617.74
0000000491,0000000059,3,TRABES ESTRUCTURA DE CONCRETO SANITARIO AISLADO,22401.63
0000000492,0000000059,4,LOSAS ESTRUCTURA DE CONCRETO SANITARIO AISLADO,54744.48
0000000493,0000000059,5,ESTRUCTURA DE CONCRETO SANITARIO AISLADO,150740.91
0000000494,0000000059,6,OBRA COMPLEMENTARIA PRELIMINARES SANITARIO AISLADO,4365.13
0000000495,0000000059,7,LIMPIEZA ESTRUCTURA SANITARIO AISLADO,555.59
0000000496,0000000059,8,ACABADOS SANITARIO AISLADO,76676.92
0000000497,0000000059,9,HERRERIA SANITARIO AISLADO,118403.27
0000000498,0000000059,10,INSTALACIONES HIDRAULICAS SANITARIO AISLADO,11796.63
0000000499,0000000059,11,INSTALACIONES SANITARIAS SANITARIO AISLADO,10922.50
0000000500,0000000059,12,MUEBLES Y ACCESORIOS SANITARIO AISLADO,106377.61
0000000501,0000000059,13,INSTALACION ELECTRICA SANITARIO AISLADO,34592.81
0000000502,0000000059,14,LIMPIEZA SANITARIO AISLADO,1702.55
0000000503,0000000059,15,PRELIMINARES CISTERNA PREFABRICADA 10 M3 SANITARIO AISLADO,132.20
0000000504,0000000059,16,CIMENTACIÓN Y ESTRUCTURA CISTERNA PREFABRICADA 10 M3 SANITARIO AISLADO,42938.49
0000000505,0000000059,17,INSTALACIONES CISTERNA PREFABRICADA 10 M3 SANITARIO AISLADO,10077.53
0000000506,0000000059,18,SUMINISTRO CISTERNA PREFABRICADA 10 M3 MODULOS SANITARIO AISLADO,27411.23
0000000507,0000000059,19,BEBEDERO,33008.85
0000000508,0000000059,20,OBRA COMPLEMENTARIA ACABADOS SANITARIO AISLADO,2069.09
0000000509,0000000059,21,OBRA COMPLEMENTARIA ELÉCTRICO SANITARIO AISLADO,2454.27
0000000510,0000000059,22,OBRA COMPLEMENTARIA DE INSTALACIÓN HIDRÁULICA SANITARIO AISLADO,1108.95
0000000511,0000000059,23,OBRA COMPLEMENTARIA DE INSTALACIÓN SANITARIA SANITARIO AISLADO,803.88
0000000512,0000000059,24,LETRERO NORMATIVO SANITARIO AISLADO,1654.38
0000000513,0000000060,1,TOPOGRAFIA RIO SOTO LA MARINA,9280.83
0000000514,0000000060,2,TRAMITES RIO SOTO LA MARINA,1254.88
0000000515,0000000060,3,SONDEOS RIO SOTO LA MARINA,5260.20
0000000516,0000000060,4,ANTEPROYECTO RIO SOTO LA MARINA,16156.15
0000000517,0000000060,5,PROYECTO RIO SOTO LA MARINA,18877.74
0000000518,0000000060,6,ENTREGA RIO SOTO LA MARINA,11724.70
0000000519,0000000060,7,MECANICA DE SUELOS RIO SOTO LA MARINA (CONSIDERADO COMO SUBCONTRATO).,22468.33
0000000520,0000000061,1,TOPOGRAFIA CALLE NOSTALGIA,8837.36
0000000521,0000000061,2,TRAMITES CALLE NOSTALGIA,1254.88
0000000522,0000000061,3,SONDEOS CALLE NOSTALGIA,5260.20
0000000523,0000000061,4,ANTEPROYECTO CALLE NOSTALGIA,16156.15
0000000524,0000000061,5,PROYECTO CALLE NOSTALGIA,18877.74
0000000525,0000000061,6,ENTREGA CALLE NOSTALGIA,11617.61
0000000526,0000000061,7,MECANICA DE SUELOS CALLE NOSTALGIA. (CONSIDERADO COMO SUBCONTRATO).,22468.33
0000000531,0000000063,1,TOPOGRAFIA CALLE AÑORANZA,12905.98
0000000532,0000000063,2,TRAMITES CALLE AÑORANZA,1254.88
0000000533,0000000063,3,SONDEOS CALLE AÑORANZA,5260.20
0000000534,0000000063,4,ANTEPROYECTO CALLE AÑORANZA,22605.65
0000000535,0000000063,5,PROYECTO CALLE AÑORANZA,27626.72
0000000536,0000000063,6,ENTREGA CALLE AÑORANZA,13589.58
0000000537,0000000063,7,MECANICA DE SUELOSCALLE AÑORANZA (CONSIDERADO COMO SUBCONTRATO).,22468.33
0000000538,0000000064,1,"REPARACION DE LA BARDA PERIMETRAL EN ESCUELA PRIMARIA 466, UBICADA EN LA JOYA.",44974.85
0000000539,0000000064,2,CIMENTACION,96747.04
0000000540,0000000064,3,ESTRUCTURA,72218.30
0000000541,0000000064,4,SEÑALIZACION,5509.45
0000000542,0000000065,1,TOPOGRAFIA BALCÓN DE LAS TERMITAS,12092.76
0000000543,0000000065,2,TRAMITES BALCÓN DE LAS TERMITAS,1254.88
0000000544,0000000065,3,SONDEOS BALCÓN DE LAS TERMITAS,5260.20
0000000545,0000000065,4,ANTEPROYECTO BALCÓN DE LAS TERMITAS,20652.45
0000000546,0000000065,5,PROYECTO BALCÓN DE LAS TERMITAS,24506.83
0000000547,0000000065,6,ENTREGA BALCÓN DE LAS TERMITAS,12912.52
0000000548,0000000065,7,MECANICA DE SUELOS BALCÓN DE LAS TERMITAS (CONSIDERADO COMO SUBCONTRATO).,22468.33
0000000556,0000000067,1,TOPOGRAFIA CALLE TALÍA,16660.53
0000000557,0000000067,2,TRAMITE CALLE TALÍA,1254.88
0000000558,0000000067,3,SONDEOS CALLE TALÍA,5260.20
0000000559,0000000067,4,ANTEPROYECTO CALLE TALÍA,24287.48
0000000560,0000000067,5,PROYECTO CALLE TALÍA,30554.23
0000000561,0000000067,6,ENTREGA  CALLE TALÍA,14956.69
0000000562,0000000067,7,MECANICA DE SUELOS CALLE TALÍA (CONSIDERADO COMO SUBCONTRATO).,22468.33
0000000563,0000000068,1,TOPOGRAFIA (CALLE MISAEL NUNEZ),11400.65
0000000564,0000000068,2,TRAMITES (CALLE MISAEL NUNEZ),1254.88
0000000565,0000000068,3,SONDEOS (CALLE MISAEL NUNEZ),5260.20
0000000566,0000000068,4,ANTEPROYECTO (CALLE MISAEL NUNEZ),20652.45
0000000567,0000000068,5,PROYECTO (CALLE MISAEL NUNEZ),24506.83
0000000568,0000000068,6,ENTREGA (CALLE MISAEL NUNEZ),12749.05
0000000569,0000000068,7,MECANICA DE SUELOS (CALLE MISAEL NUNEZ) (CONSIDERADO COMO SUBCONTRATO).,22468.33
0000000570,0000000069,1,1 TOPOGRAFIA (CALLE PINO DE MEDINA),9280.83
0000000571,0000000069,2,2 TRAMITES (CALLE PINO DE MEDINA),1254.88
0000000572,0000000069,3,3 SONDEOS (CALLE PINO DE MEDINA),5260.20
0000000573,0000000069,4,4 ANTEPROYECTO (CALLE PINO DE MEDINA),16156.15
0000000574,0000000069,5,5 PROYECTO (CALLE PINO DE MEDINA),18877.74
0000000575,0000000069,6,6 ENTREGA (CALLE PINO DE MEDINA),11724.70
0000000576,0000000069,7,7 MECANICA DE SUELOS (CALLE PINO DE MEDINA) (CONSIDERADO COMO SUBCONTRATO).,24196.66
0000000577,0000000070,1,TOPOGRAFIA MINERAL DEL LLANO,11400.65
0000000578,0000000070,2,TRAMITES MINERAL DEL LLANO,1254.88
0000000579,0000000070,3,SONDEOS MINERAL DEL LLANO,5260.20
0000000580,0000000070,4,ANTEPROYECTO MINERAL DEL LLANO,20652.45
0000000581,0000000070,5,PROYECTO MINERAL DEL LLANO,24506.83
0000000582,0000000070,6,ENTREGA MINERAL DEL LLANO,12749.05
0000000583,0000000070,7,MECANICA DE SUELOS MINERAL DEL LLANO (CONSIDERADO COMO SUBCONTRATO).,22468.33
0000000584,0000000071,1,MECANICA DE SUELOS BALCON DE LOS JARIBUS (CONSIDERADO COMO SUBCONTRATO).,27871.12
0000000585,0000000071,2,ENTREGA BALCON DE LOS JARIBUS,17231.17
0000000586,0000000071,3,PROYECTO BALCON DE LOS JARIBUS,39029.42
0000000587,0000000071,4,ANTEPROYECTO BALCON DE LOS JARIBUS,29230.12
0000000588,0000000071,5,SONDEOS BALCON DE LOS JARIBUS,5260.20
0000000589,0000000071,6,TRAMITES BALCON DE LOS JARIBUS,1254.88
0000000590,0000000071,7,TOPOGRAFIA BALCON DE LOS JARIBUS,21586.47
0000000591,0000000072,1,TOPOGRAFIA MADRE LUISA,10898.70
0000000592,0000000072,2,TRAMITES MADRE LUISA,1254.88
0000000593,0000000072,3,SONDEOS MADRE LUISA,5260.20
0000000594,0000000072,4,ANTEPROYECTO MADRE LUISA,20652.45
0000000595,0000000072,5,PROYECTO MADRE LUISA,24506.83
0000000596,0000000072,6,ENTREGA MADRE LUISA,12642.76
0000000597,0000000072,7,MECANICA DE SUELOS MADRE LUISA (CONSIDERADO COMO SUBCONTRATO).,22468.33
0000000598,0000000073,1,TOPOGRAFIA YACIMIENTO DE COBRE,8837.36
0000000599,0000000073,2,MECANICA DE SUELOS YACIMIENTO DE COBRE (CONSIDERADO COMO SUBCONTRATO).,22468.33
0000000600,0000000073,3,ENTREGA YACIMIENTO DE COBRE,11617.61
0000000601,0000000073,4,PROYECTO YACIMIENTO DE COBRE,18877.74
0000000602,0000000073,5,ANTEPROYECTO YACIMIENTO DE COBRE,16156.15
0000000603,0000000073,6,SONDEOS YACIMIENTO DE COBRE,5260.20
0000000604,0000000073,7,TRAMITES YACIMIENTO DE COBRE,1254.88
0000000605,0000000074,1,TOPOGRAFIA YACIMIENTO DE CARBON,8837.36
0000000606,0000000074,2,TRAMITES YACIMIENTO DE CARBON,1254.88
0000000607,0000000074,3,SONDEOS YACIMIENTO DE CARBON,5260.20
0000000608,0000000074,4,ANTEPROYECTO YACIMIENTO DE CARBON,16156.15
0000000609,0000000074,5,PROYECTO YACIMIENTO DE CARBON,18877.74
0000000610,0000000074,6,ENTREGA YACIMIENTO DE CARBON,11617.61
0000000611,0000000074,7,MECANICA DE SUELOS YACIMIENTO DE CARBON(CONSIDERADO COMO SUBCONTRATO).,22468.33
0000000612,0000000075,1,CAMINOS,324455.25
0000000613,0000000076,1,CAMINOS,1014180.80
0000000614,0000000077,1,TRAMITES YACIMIENTO DE CARBON,1254.88
0000000615,0000000077,2,TOPOGRAFIA YACIMIENTO DE CARBON,8837.36
0000000616,0000000077,3,SONDEOS YACIMIENTO DE CARBON,5260.20
0000000617,0000000077,4,ANTEPROYECTO YACIMIENTO DE CARBON,16156.15
0000000618,0000000077,5,PROYECTO 8YACIMIENTO DE CARBON,18877.74
0000000619,0000000077,6,ENTREGA YACIMIENTO DE CARBON,11617.61
0000000620,0000000077,7,MECANICA DE SUELOS YACIMIENTO DE CARBON (CONSIDERADO COMO SUBCONTRATO).,22468.33
0000000621,0000000078,1,CAMINOS,284956.35
0000000622,0000000079,1,CAMINOS,125550.08
0000000624,0000000081,1,CAMINOS,519128.40
0000000625,0000000082,1,TOPOGRAFIA YACIMIENTO METALURGICO,9280.83
0000000626,0000000082,2,TRAMITES YACIMIENTO METALURGICO,1254.88
0000000627,0000000082,3,SONDEOS YACIMIENTO METALURGICO,5260.20
0000000628,0000000082,4,ANTEPROYECTO YACIMIENTO METALURGICO,16156.15
0000000629,0000000082,5,PROYECTO YACIMIENTO METALURGICO,18877.74
0000000630,0000000082,6,ENTREGA YACIMIENTO METALURGICO.,11724.70
0000000631,0000000082,7,MECANICA DE SUELOS YACIMIENTO METALURGICO (CONSIDERADO COMO SUBCONTRATO).,22468.33
0000000632,0000000083,1,PRELIMINARES,11200.80
0000000633,0000000083,2,ESTRUCTURA,672665.94
0000000634,0000000083,3,CUBIERTA,203323.75
0000000635,0000000083,4,LIMPIEZA,5734.56
0000000636,0000000083,5,INSTALACION PLUVIAL,14375.84
0000000637,0000000083,6,CIMENTACION,71414.65
0000000638,0000000083,7,OBRA COMPLEMENTARIA PRELIMINARES,3208.42
0000000639,0000000083,8,OBRA COMPLEMENTARIA,29209.65
0000000640,0000000083,9,PRELIMINARES OBRA COMPLEMENTARIA DRENAJE PLUVIAL,464.76
0000000641,0000000083,10,CIMENTACION OBRA COMPLEMENTARIA DRENAJE PLUVIAL,17219.04
0000000642,0000000083,11,SUMINISTROS OBRA COMPLEMENTARIA DRENAJE PLUVIAL,21925.72
0000000643,0000000083,12,LIMPIEZA OBRA COMPLEMENTARIA DRENAJE PLUVIAL,165.60
0000000644,0000000083,13,OBRA COMPLEMENTARIA ALUMBRADO,36908.88
0000000645,0000000083,14,LETRERO NORMATIVO,1643.28
0000000646,0000000084,1,CAMINOS,414738.45
0000000647,0000000085,1,PRELIMINARES,12929.21
0000000648,0000000085,2,ESTRUCTURA,704860.66
0000000649,0000000085,3,CUBIERTA,224277.37
0000000650,0000000085,4,INSTALACION DRENAJE PLUVIAL,14375.84
0000000651,0000000085,5,LIMPIEZA,6619.47
0000000652,0000000085,6,CIMENTACION,95859.92
0000000653,0000000085,7,OBRA COMPLEMENTARIA PRELIMINARES,4673.90
0000000654,0000000085,8,OBRA COMPLEMENTARIA DRENAJE PLUVIAL,42463.94
0000000655,0000000085,9,OBRA COMPLEMENTARIA ALUMBRADO,36908.88
0000000656,0000000085,10,LETRERO NORMATIVO,1643.28
0000000657,0000000085,11,OBRA COMPLEMENTARIA,36617.48
0000000658,0000000086,1,TOPOGRAFIA YACIMIENTO MINERAL,8837.36
0000000659,0000000086,2,TRAMITES YACIMIENTO MINERAL,1254.88
0000000660,0000000086,3,SONDEOS YACIMIENTO MINERAL,5260.20
0000000661,0000000086,4,ANTEPROYECTO YACIMIENTO MINERAL,16156.15
0000000662,0000000086,5,PROYECTO YACIMIENTO MINERAL,18877.74
0000000663,0000000086,6,ENTREGA YACIMIENTO MINERAL,11617.61
0000000664,0000000086,7,MECANICA DE SUELOS YACIMIENTO MINERAL (CONSIDERADO COMO SUBCONTRATO).,22468.33
0000000665,0000000087,1,PINTURAS EN SEMAFOROS Y VIALIDADES.,1275972.73
0000000666,0000000088,1,SAN JOSE DEL RESPLANDOR Y PLAYAS DE SOTELO,63024.00
0000000667,0000000089,1,CAMINOS,608679.36
0000000668,0000000090,1,TOPOGRAFIA MADRE AMALIA,23193.72
0000000669,0000000090,2,TRAMITES MADRE AMALIA,1254.88
0000000670,0000000090,3,SONDEOS MADRE AMALIA,5260.20
0000000671,0000000090,4,ANTEPROYECTO MADRE AMALIA,31917.57
0000000672,0000000090,5,PROYECTO MADRE AMALIA,44122.91
0000000673,0000000090,6,ENTREGA MADRE AMALIA,18323.13
0000000674,0000000090,7,MECANICA DE SUELOS MADRE AMALIA (CONSIDERADO COMO SUBCONTRATO).,27871.12
0000000675,0000000091,1,"MANTENIMIENTO Y DIAGNOSTICO DE FUENTES 2DA ETAPA EN EL MUNICIPIO DE LEON,GTO.",859168.16
0000000676,0000000092,1,CAMINOS,423222.37
0000000677,0000000093,1,CAMINOS,664427.93
0000000678,0000000094,1,CAMINOS,296091.45
0000000679,0000000095,1,TOPOGRAFIA JOSE MARIA CASTILLO,11400.65
0000000680,0000000095,2,TRAMITES JOSE MARIA CASTILLO.,1254.88
0000000681,0000000095,3,SONDEOS JOSE MARIA CASTILLO,5260.20
0000000682,0000000095,4,ANTEPROYECTOJOSE MARIA CASTILLO,20652.45
0000000683,0000000095,5,PROYECTO JOSE MARIA CASTILLO,24506.83
0000000684,0000000095,6,ENTREGA JOSE MARIA CASTILLO,12749.05
0000000685,0000000095,7,MECANICA DE SUELOS JOSE MARIA CASTILLO (CONSIDERADO COMO SUBCONTRATO).,22468.33
0000000686,0000000096,1,CAMINOS,608679.36
0000000687,0000000097,1,LEVANTAMIENTOS,41312.54
0000000688,0000000097,2,INVENTARIOS,1850.27
0000000689,0000000097,3,ARQUITECTONICO,16729.09
0000000690,0000000097,4,ESTRUCTURAL,2540.83
0000000691,0000000097,5,CONTRUCTIVO,20995.62
0000000692,0000000097,6,INSTALACIONES,9340.58
0000000693,0000000097,7,INSTALACIONESESPECIALES,13371.66
0000000694,0000000097,8,CUANTIFICACION Y PRESENTACION,33720.30
0000000695,0000000097,9,ELABORACIÓN DE TRAMOS Y DETALLES DEL PROYECTO EN 3 DIMENSIONES (INTERIORES Y EXTERIORES) PARA OBTENER PERSPECTIVAS CALIDAD FOTOREALISTA (VRAY) NECESARIAS DE LOS ELEMENTOS EXISTENTES MAS REPRESENTATIVOS EN CALIDAD DE GRAN FORMATO.,5793.94
0000000696,0000000098,1,TOPOGRAFIA,114758.87
0000000697,0000000098,2,PROYECTO Y ANTEPROYECTO,175395.71
0000000698,0000000098,3,ENTREGA,32885.33
0000000699,0000000099,1,TOPOGRAFÍA E INVENTARIOS.,35508.98
0000000700,0000000099,2,TRAMITOLOGIA.,10142.32
0000000701,0000000099,3,PROYECTO BASICO.,160123.69
0000000702,0000000099,4,PROYECTO DE INSTALACIONES ESPECIALES.,15344.04
0000000703,0000000099,5,PROYECTO ESTRUCTURAL.,110796.60
0000000704,0000000099,6,COSTEO Y PROGRAMACIÓN.,39279.46
0000000705,0000000099,7,"ENCARPETADO, PLANOS Y RESPALDO DIGITAL.",18965.69
0000000706,0000000099,8,MECANICA DE SUELOS. TRABAJOS DE CAMPO (CONSIDERADO COMO SUBCONTRATO).,10754.22
0000000707,0000000099,9,MECANICA DE SUELOS. TRABAJOS DE LABORATORIO. (CONSIDERADO COMO SUBCONTRATO).,23383.09
0000000708,0000000099,10,MECANICA DE SUELOS. INFORME Y DISEÑO DE PAVIMENTO. (CONSIDERADO COMO SUBCONTRATO).,4551.53
0000000709,0000000100,1,LEVANTAMIENTOS BAUTISTA (CALLE HACIENDA),10503.57
0000000710,0000000100,2,INVENTARIOS (CALLE HACIENDA),2259.65
0000000711,0000000100,3,PROYECTO ARQUITECTÓNICO (CALLE HACIENDA),18778.73
0000000712,0000000100,4,PROYECTO CONSTRUCTIVO (CALLE HACIENDA),8532.77
0000000713,0000000100,5,PROYECTO DE INSTALACIÓN ELÉCTRICA (CALLE HACIENDA),12578.24
0000000714,0000000100,6,ENTREGA (CALLE HACIENDA),28401.12
0000000715,0000000101,1,PRELIMINARES AGUA POTABLE CALLE AMAZONITA,50305.21
0000000716,0000000101,2,AGUA POTABLE   CALLE AMAZONITA,58925.12
0000000717,0000000101,3,PRELIMINARES BASES CALLE AMAZONITA,28117.30
0000000718,0000000101,4,BASES CALLE AMAZONITA,13589.01
0000000719,0000000101,5,PAVIMENTOS BANQUETAS CALLE AMAZONITA,169992.45
0000000720,0000000101,6,ACARREOS CALLE AMAZONITA,11593.04
0000000721,0000000101,7,LIMPIEZA CALLE AMAZONITA,2473.95
0000000722,0000000101,8,PRELIMINARES POTABLE CALLE AMAZONITA,29817.70
0000000723,0000000101,9,AGUA POTABLE I CALLE AMAZONITA,33413.16
0000000724,0000000101,10,PRELIMINARES BASES Y SUBASES CALLE AMAZONITA,7928.39
0000000725,0000000101,11,BASES Y SUBASES CALLE AMAZONITA,5086.21
0000000726,0000000101,12,PAVIMENTOS HIDRAULICOS CALLE AMAZONITA,66101.05
0000000727,0000000101,13,ACARREOS II CALLE AMAZONITA,2930.89
0000000728,0000000101,14,LIMPIEZA II CALLE AMAZONITA,925.97
0000000729,0000000101,15,PRELIMINARES AGUA POTABLE 2 CALLE AMAZONITA,44620.67
0000000730,0000000101,16,AGUA POTABLE II CALLE AMAZONITA,42811.07
0000000731,0000000101,17,PRELIMINARES CALLE AMAZONITA,16288.08
0000000732,0000000101,18,BASES Y SUBASES II CALLE AMAZONITA,8918.06
0000000733,0000000101,19,PAVIMENTOS HIDRAULICOS II CALLE AMAZONITA,114149.95
0000000734,0000000101,20,ACARREOS III CALLE AMAZONITA,4153.92
0000000735,0000000101,21,LIMPIEZA III CALLE AMAZONITA,1623.58
0000000736,0000000102,1,TOPOGRAFIA FRANCISCO LOPEZ DE VELASCO,24951.89
0000000737,0000000102,2,TRAMITES FRANCISCO LOPEZ DE VELASCO,1254.88
0000000738,0000000102,3,SONDEOS FRANCISCO LOPEZ DE VELASCO,5260.20
0000000739,0000000102,4,ANTEPROYECTO FRANCISCO LOPEZ DE VELASCO,31917.57
0000000740,0000000102,5,PROYECTO FRANCISCO LOPEZ DE VELASCO,44122.91
0000000741,0000000102,6,ENTREGA FRANCISCO LOPEZ DE VELASCO,18683.33
0000000742,0000000102,7,MECANICA DE SUELOS FRANCISCO LOPEZ DE VELASCO (CONSIDERADO COMO SUBCONTRATO).,27871.12
0000000743,0000000103,1,TOPOGRAFIA FRANCISCO M SANCHEZ,24951.89
0000000744,0000000103,2,TRAMITES FRANCISCO M SANCHEZ,1254.88
0000000745,0000000103,3,SONDEOS FRANCISCO M SANCHEZ,5260.20
0000000746,0000000103,4,ANTEPROYECTO FRANCISCO M SANCHEZ,31917.57
0000000747,0000000103,5,PROYECTO FRANCISCO M SANCHEZ,44122.91
0000000748,0000000103,6,ENTREGA FRANCISCO M SANCHEZ,18683.33
0000000749,0000000103,7,MECANICA DE SUELOS FRANCISCO M SANCHEZ (CONSIDERADO COMO SUBCONTRATO).,27871.12
0000000750,0000000104,1,TOPOGRAFIA YACIMIENTO METALURGICO,9280.83
0000000751,0000000104,2,TRAMITES YACIMIENTO METALURGICO,1254.88
0000000752,0000000104,3,SONDEOS YACIMIENTO METALURGICO,5260.20
0000000753,0000000104,4,ANTEPROYECTO YACIMIENTO METALURGICO,16156.15
0000000754,0000000104,5,PROYECTO YACIMIENTO METALURGICO,18877.74
0000000755,0000000104,6,ENTREGA YACIMIENTO METALURGICO.,11724.70
0000000756,0000000104,7,MECANICA DE SUELOS YACIMIENTO METALURGICO (CONSIDERADO COMO SUBCONTRATO).,22468.33
0000000757,0000000105,1,TOPOGRAFIA SAN JOSE DE LAS LAJAS,17878.11
0000000758,0000000105,2,TRAMITES SAN JOSE DE LAS LAJAS,1254.88
0000000759,0000000105,3,SONDEOS SAN JOSE DE LAS LAJAS,5260.20
0000000760,0000000105,4,ANTEPROYECTO SAN JOSE DE LAS LAJAS.,26463.93
0000000761,0000000105,5,PROYECTO SAN JOSE DE LAS LAJAS,34191.07
0000000762,0000000105,6,ENTREGA SAN JOSE DE LAS LAJAS,15652.03
0000000763,0000000105,7,MECANICA DE SUELOS SAN JOSE DE LAS LAJAS (CONSIDERADO COMO SUBCONTRATO).,27871.12
0000000764,0000000106,1,TOPOGRAFIA TORRE DE MARFIL,13735.81
0000000765,0000000106,2,TRAMITES TORRE DE MARFIL,1254.88
0000000766,0000000106,3,SONDEOS TORRE DE MARFIL,5260.20
0000000767,0000000106,4,ANTEPROYECTO TORRE DE MARFIL,22605.65
0000000768,0000000106,5,PROYECTO TORRE DE MARFIL,27626.72
0000000769,0000000106,6,ENTREGA TORRE DE MARFIL,13804.28
0000000770,0000000106,7,MECANICA DE SUELOS TORRE DE MARFIL (CONSIDERADO COMO SUBCONTRATO).,22468.33
0000000771,0000000107,1,"PAVIMENTOS, BASES Y SUBASES",89939.56
0000000772,0000000107,2,ACABADOS,23023.99
0000000773,0000000107,3,HERRERÍA Y CANCELERÍA,70783.61
0000000774,0000000107,4,PINTURA,11846.51
0000000775,0000000107,5,LIMPIEZAS,4544.54
0000000776,0000000107,6,CIMENTACIÓN ÁREA SUCIA,7043.94
0000000777,0000000107,7,ESTRUCTURA ÁREA SUCIA,17365.13
0000000778,0000000107,8,SUPER ESTRUCTURA ÁREA SUCIA,23227.53
0000000779,0000000107,9,ACABADOS ÁREA SUCIA,28237.30
0000000780,0000000107,10,HERRERÍA Y CANCELERÍA ÁREA SUCIA,16377.09
0000000781,0000000107,11,PINTURA ÁREA SUCIA,5218.83
0000000782,0000000107,12,LIMPIEZAS ÁREA SUCIA,287.05
0000000783,0000000107,13,ESTRUCTURA CASETA DE VIGILANCIA,2378.33
0000000784,0000000107,14,ACABADOS CASETA DE VIGILANCIA,25860.11
0000000785,0000000107,15,HERRERÍA Y CANCELERÍA,5514.15
0000000786,0000000107,16,PINTURA,6076.40
0000000787,0000000107,17,LIMPIEZAS,184.73
0000000788,0000000107,18,INSTALACIÓN HIDRAULICA GENERAL,183556.56
0000000789,0000000107,19,CISTERNA,25425.28
0000000790,0000000107,20,INSTALACIÓN SANITARIA GENERAL,203427.85
0000000791,0000000107,21,INSTALACION PLUVIAL GENERAL,221437.84
0000000792,0000000107,22,INSTALACIÒN ELÈCTRICA DE ALIMENTADORDE TRANSFORMADOR EXISTENTE 25 KVA A TABLERO "A",51614.16
0000000793,0000000107,23,"3 Circuitos de tablero A a jaulas, bodegas y asoleaderos",55391.09
0000000794,0000000107,24,"ASOLEADEROS Y JAULAS, 6 CIRCUITOS",302788.82
0000000795,0000000107,25,HERRERÍA Y CANCELERÍA,2865.02
0000000796,0000000107,26,PINTURA,8724.48
0000000797,0000000107,27,LIMPIEZAS,956.99
0000000798,0000000107,28,INSTALACIÓN SANITARIA,7223.64
0000000799,0000000107,29,MOBILIARIO,30722.90
0000000800,0000000107,30,PRELIMINARES Y TRABAJOS COMPLEMENTARIOS AREA DE JAULAS,487684.13
0000000801,0000000107,31,"PAVIMENTOS, BASES Y SUBASES ÁREA EXTERIOR (JAULAS INDIVIDUALES)",22519.58
0000000802,0000000107,32,ACABADOS ÁREA EXTERIOR (JAULAS INDIVIDUALES),24472.95
0000000803,0000000107,33,LIMPIEZAS ÁREA EXTERIOR (JAULAS INDIVIDUALES),2542.16
0000000804,0000000107,34,CIMENTACIÓN JAULAS INDIVIDUALES,37223.05
0000000805,0000000107,35,ESTRUCTURA JAULAS INDIVIDUALES,204550.99
0000000806,0000000107,36,SUPER ESTRUCTURA JAULAS INDIVIDUALES,44062.13
0000000807,0000000107,37,ACABADOS JAULAS INDIVIDUALES,93438.36
0000000808,0000000107,38,HERRERÍA Y CANCELERÍA JAULAS INDIVIDUALES,118290.43
0000000809,0000000107,39,PINTURA JAULAS INDIVIDUALES,42535.40
0000000810,0000000107,40,LIMPIEZAS,1382.63
0000000811,0000000107,41,ACABADOS,107088.34
0000000812,0000000107,42,HERRERÍA Y CANCELERÍA (JAULAS ADOPCIÓN),17365.02
0000000813,0000000107,43,PINTURA (JAULAS ADOPCIÓN),12615.11
0000000814,0000000107,44,LIMPIEZAS (JAULAS ADOPCIÓN),3508.53
0000000815,0000000107,45,CIMENTACIÓN JAULAS DE ADOPCIÓN,76697.36
0000000816,0000000107,46,ESTRUCTURA JAULAS DE ADOPCIÓN,238145.29
0000000817,0000000107,47,SUPER ESTRUCTURA JAULAS DE ADOPCIÓN,104682.18
0000000818,0000000107,48,ACABADOS JAULAS DE ADOPCIÓN,212671.34
0000000819,0000000107,49,HERRERÍA Y CANCELERÍA JAULAS DE ADOPCIÓN,111186.92
0000000820,0000000107,50,PINTURA JAULAS DE ADOPCIÓN,42766.64
0000000821,0000000107,51,LIMPIEZAS JAULAS DE ADOPCIÓN,3288.03
0000000822,0000000107,52,JARDINERIA,12397.01
0000000823,0000000108,1,PRELIMINARES,11200.80
0000000824,0000000108,2,ESTRUCTURA,672665.94
0000000825,0000000108,3,CUBIERTA,203323.75
0000000826,0000000108,4,LIMPIEZA,5734.56
0000000827,0000000108,5,INSTALACION PLUVIAL,14375.84
0000000828,0000000108,6,CIMENTACION,71414.65
0000000829,0000000108,7,OBRA COMPLEMENTARIA PRELIMINARES,3208.42
0000000830,0000000108,8,OBRA COMPLEMENTARIA,29209.65
0000000831,0000000108,9,PRELIMINARES OBRA COMPLEMENTARIA DRENAJE PLUVIAL,464.76
0000000832,0000000108,10,CIMENTACION OBRA COMPLEMENTARIA DRENAJE PLUVIAL,17219.04
0000000833,0000000108,11,SUMINISTROS OBRA COMPLEMENTARIA DRENAJE PLUVIAL,21925.72
0000000834,0000000108,12,LIMPIEZA OBRA COMPLEMENTARIA DRENAJE PLUVIAL,165.60
0000000835,0000000108,13,OBRA COMPLEMENTARIA ALUMBRADO,36908.88
0000000836,0000000108,14,LETRERO NORMATIVO,1643.28
0000000837,0000000109,1,CAMINOS,324455.25
0000000838,0000000110,1,CANCHA DE PRACTICAS - ACABADOS PINTURA,18033.77
0000000839,0000000110,2,CANCHA DE PRACTICAS - HERRERIA,36876.61
0000000840,0000000110,3,CANCHA DE PRACTICAS - ENMALLADO,58590.03
0000000841,0000000110,4,MALLA PERIMETRAL,16112.00
0000000842,0000000110,5,MOBILIARIO Y EJERCITADORES,311220.02
0000000843,0000000110,6,ANCLAJE EJERCITADORES,48305.73
0000000844,0000000110,7,BAÑOS Y CUARTO DE MAQUINAS,175377.08
0000000845,0000000110,8,ANDADOR,229955.97
0000000846,0000000110,9,ALUMBRADO EXTERIOR,300678.38
0000000847,0000000110,10,PREPARACION PARA EQUIPO DE MEDICION EN BAJA TENSION,13656.85
0000000848,0000000111,1,CAMINOS,324455.25
0000000865,0000000113,1,PRELIMINARES Y TRABAJOS COMPLEMENTARIOS,624434.55
0000000866,0000000113,2,BASES Y SUBBASES,901229.06
0000000867,0000000113,3,PAVIMENTOS,1105393.71
0000000868,0000000113,4,BANQUETAS,219204.83
0000000869,0000000113,5,SEÑALAMIENTO PARA LA PROTECCIÓN DE OBRA,100442.36
0000000870,0000000113,6,SEÑALAMIENTO HORIZONTAL,44441.01
0000000871,0000000113,7,OBRAS COMPLEMENTARIAS,5676.58
0000000872,0000000114,1,LEVANTAMIENTOS,14004.76
0000000873,0000000114,2,INVENTARIOS,2259.66
0000000874,0000000114,3,PROYECTO ARQUITECTÓNICO,18778.73
0000000875,0000000114,4,PROYECTO CONSTRUCTIVO,10665.96
0000000876,0000000114,5,PROYECTO DE INSTALACIÓN ELÉCTRICA,12578.24
0000000877,0000000114,6,ENTREGA,29575.52
0000000878,0000000115,1,1 LEVANTAMIENTOS,10503.57
0000000879,0000000115,2,2 INVENTARIOS,2259.66
0000000880,0000000115,3,3 PROYECTO ARQUITECTÓNICO,18778.73
0000000881,0000000115,4,4 PROYECTO CONSTRUCTIVO,8532.77
0000000882,0000000115,5,5 PROYECTO DE INSTALACIÓN ELÉCTRICA,12578.24
0000000883,0000000115,6,6 ENTREGA,29575.52
0000000884,0000000116,1,PRELIMINARES GENERALES DE LA OBRA,74357.66
0000000885,0000000116,2,ELECTRICO,169883.64
0000000886,0000000116,3,CONTROL Y MEDICIÓN,10228.29
0000000887,0000000116,4,PRELIMINARES (MURO GUARDIAN),11853.76
0000000888,0000000116,5,CIMENTACION DE BARDA FACHADA PRINCIPAL (MURO GUARDIAN),1044314.57
0000000889,0000000116,6,OBRA COMPLEMENTARIA,5288.10
0000000890,0000000116,7,PINTURA,8852.00
0000000891,0000000116,8,CANCHA DE PRACTICAS - ACABADOS PINTURA,21011.72
0000000892,0000000116,9,CANCHA DE PRACTICAS - HERRERIA,30738.86
0000000893,0000000116,10,LIMPIEZA FINAL DE LA OBRA,5849.08
0000000894,0000000116,11,JUEGOS INFANTILES,19251.17
0000000895,0000000116,12,"COLOCACION-ANCLAJES-JUEGOS, EJERCITADORES Y BASUREROS",1155.42
0000000896,0000000117,1,PRELIMINARES Y TRABAJOS COMPLEMENTARIOS,192279.62
0000000897,0000000117,2,ACARREOS,127920.27
0000000898,0000000117,3,ASFALTOS,2817121.21
0000000899,0000000117,4,SEÑALAMIENTO HORIZONTAL,182902.84
0000000900,0000000117,5,SEÑALAMIENTO PARA LA PROTECCIÓN DE OBRA,58431.12
0000000901,0000000117,6,OBRA COMPLEMENTARIA,7148.76
0000000902,0000000118,1,MANTENIMIENTO DE ÁREAS VERDES,1841313.12
0000000903,0000000118,2,JARDINERIA,1481476.57
0000000904,0000000118,3,ACARREOS Y TRABAJOS COMPLEMENTARIOS,399354.97
0000000905,0000000118,4,PINTURA,174353.25
0000000906,0000000118,5,SEÑALAMIENTO PROTECCION DE OBRA,48784.80
0000000907,0000000118,6,RIEGO EN ARES VERDES Y ARBOLADO,471679.00
0000000908,0000000118,7,LIMPIEZA.,4446.00
0000000909,0000000119,1,MANTENIMIENTO DE ÁREAS VERDES,1769939.84
0000000910,0000000119,2,JARDINERIA,2144469.52
0000000911,0000000119,3,ACARREOS Y TRABAJOS COMPLEMENTARIOS,63408.48
0000000912,0000000119,4,PINTURA,40848.00
0000000913,0000000119,5,SEÑALAMIENTO PROTECCION DE OBRA,41862.06
0000000914,0000000119,6,RIEGO EN ARES VERDES Y ARBOLADO,335042.50
0000000915,0000000119,7,LIMPIEZA.,197.00
0000000916,0000000120,1,ACABADOS (OFICINAS Y CUARTO DE BASURA),67543.16
0000000917,0000000120,2,ACABADOS (COLIDANCIAS),217900.76
0000000918,0000000120,3,HERRERIA Y ALUMINIO (PUERTA DE TERRAZA),5328.49
0000000919,0000000120,4,HERRERIA Y ALUMINIO (COLINDANCIAS),114400.00
0000000920,0000000121,1,PRELIMINARES,14419.19
0000000921,0000000121,2,CANCHA DE PRACTICAS - ENMALLADO,26658.47
0000000922,0000000121,3,CANCHA DE PRACTICAS - ACABADOS PINTURA,47122.99
0000000923,0000000121,4,EJERCITADORES,41264.92
0000000924,0000000121,5,MOBILIARIO EJERCITADORES E INFANTILES,552531.25
0000000925,0000000121,6,"ANCLAJE-JUEGOS, EJERCITADORES Y BASUREROS",59392.74
0000000926,0000000121,7,ALUMBRADO PÚBLICO DE PARQUE,226602.86
0000000927,0000000121,8,PREPARACION PARA EQUIPO DE MEDICION EN BAJA TENSION,8224.41
0000000928,0000000121,9,ALUMBRADO INTERIOR,16532.05
0000000929,0000000121,10,ALIMENTADOR DERIVADO DE TABLERO A BAÑOS,5885.84
0000000930,0000000121,11,MOBILIARIO BANCO,51664.16
0000000931,0000000121,12,PRELIMINARES (BEBEDERO),118.38
0000000932,0000000121,13,ACARREO BEBEDERO,188.01
0000000933,0000000121,14,BASE DE CONCRETO (BEBEDERO),40463.87
0000000934,0000000121,15,BAÑOS,30911.71
0000000935,0000000121,16,LIMPIEZA FINAL DE LA OBRA,7722.87
0000000936,0000000122,1,"MANTENIMIENTO Y DIAGNOSTICO DE FUENTES 2DA ETAPA EN EL MUNICIPIO DE LEON,GTO.",430947.33
0000000937,0000000123,1,PRELIMINARES Y TRABAJOS COMPLEMENTARIOS PAVIMENTOS,38389.09
0000000938,0000000123,2,EXCAVACIONES PAVIMENTOS,200184.84
0000000939,0000000123,3,ACARREOS PAVIMENTOS,243606.26
0000000940,0000000123,4,TERRACERIAS PAVIMENTOS,358571.24
0000000941,0000000123,5,BASES Y SUB BASES PAVIMENTOS,615372.56
0000000942,0000000123,6,PAVIMENTOS PAVIMENTOS,5441374.43
0000000943,0000000123,7,TRABAJOS COMPLEMENTARIOS PAVIMENTOS,32847.83
0000000944,0000000123,8,LIMPIEZA PAVIMENTOS,30301.79
0000000945,0000000123,9,PRELIMINARES Y TRABAJOS COMPLEMENTARIOS BANQUETAS,97309.67
0000000946,0000000123,10,EXCAVACIONES BANQUETAS,8306.24
0000000947,0000000123,11,ACARREOS BANQUETAS,83644.70
0000000948,0000000123,12,TERRACERIAS BANQUETAS,228790.70
0000000949,0000000123,13,PAVIMENTOS BANQUETAS,1155038.78
0000000950,0000000123,14,LIMPIEZA BANQUETAS,13662.92
0000000951,0000000123,15,SEÑALAMIENTO HORIZONTAL Y VERTICAL,313493.24
0000000952,0000000123,16,SEÑALAMIENTO DE PROTECCION DE OBRA,13368.03
0000000953,0000000123,17,ALUMBRADO PUBLICO,70429.21
0000000954,0000000124,1,CAMINOS,491381.78
0000000955,0000000125,1,CAMINOS,155174.25
0000000956,0000000126,1,CAMINOS,538877.85
0000000957,0000000127,1,PINTURA INTERIOR,233081.39
0000000958,0000000127,2,PINTURA EXTERIOR,365243.09
0000000959,0000000127,3,LIMPIEZA,55238.18
0000000960,0000000127,4,CUBIERTA,118399.35
0000000961,0000000127,5,LAMBRINES,84597.51
0000000962,0000000127,6,LETRERO ALUSIVO,5509.45
0000000963,0000000128,1,MANTENIMIENTO DE ÁREAS VERDES,2149422.24
0000000964,0000000128,2,JARDINERIA,957056.33
0000000965,0000000128,3,ACARREOS Y TRABAJOS COMPLEMENTARIOS,728720.32
0000000966,0000000128,4,PINTURA,40410.00
0000000967,0000000128,5,SEÑALAMIENTO PROTECCION DE OBRA,70120.70
0000000968,0000000128,6,RIEGO EN ARES VERDES Y ARBOLADO,389038.00
0000000969,0000000128,7,LIMPIEZA.,6689.85
0000000970,0000000129,1,SEÑALAMIENTO DE PROTECCION DE OBRA 1ERA ETAPA,42030.04
0000000971,0000000129,2,PRELIMINARES REPOSICION Y/O REHABILITACION DE LINEA DE AGUA POTABLE,44158.09
0000000972,0000000129,3,CARGA Y ACARREOS REPOSICION Y/O REHABILITACION DE LINEA DE AGUA POTABLE,29494.78
0000000973,0000000129,4,RELLENOS Y ACARREOS REPOSICION Y/O REHABILITACION DE LINEA DE AGUA POTABLE,160073.58
0000000974,0000000129,5,MANO DE OBRA REPOSICION Y/O REHABILITACION DE LINEA DE AGUA POTABLE,50009.10
0000000975,0000000129,6,SUMINISTROS REPOSICION Y/O REHABILITACION DE LINEA DE AGUA POTABLE,49262.77
0000000976,0000000129,7,TOMAS DOMICILIARES REPOSICION Y/O REHABILITACION DE LINEA DE AGUA POTABLE,386847.60
0000000977,0000000129,8,LIMPIEZA DE OBRA REPOSICION Y/O REHABILITACION DE LINEA DE AGUA POTABLE,7957.35
0000000978,0000000129,9,PRELIMINARES REPOSICION Y/O REHABILITACION DE LINEA DE ALCANTARILLADO SANITARIO,57678.84
0000000979,0000000129,10,RELLENOS Y ACARREOS REPOSICION Y/O REHABILITACION DE LINEA DE ALCANTARILLADO SANITARIO,397186.47
0000000980,0000000129,11,MANO DE OBRA REPOSICION Y/O REHABILITACION DE LINEA DE ALCANTARILLADO SANITARIO,211939.40
0000000981,0000000129,12,SUMINISTROS REPOSICION Y/O REHABILITACION DE LINEA DE ALCANTARILLADO SANITARIO,300584.90
0000000982,0000000129,13,LIMPIEZA DE OBRA REPOSICION Y/O REHABILITACION DE LINEA DE ALCANTARILLADO SANITARIO,7200.21
0000000983,0000000129,14,PRELIMINARES REPOSICION Y/O REHABILITACION DE LINEA DE DECARGAS SANITARIAS,54674.54
0000000984,0000000129,15,RELLENOS Y ACARREOS REPOSICION Y/O REHABILITACION DE LINEA DE DECARGAS SANITARIAS,54365.41
0000000985,0000000129,16,MANO DE OBRA REPOSICION Y/O REHABILITACION DE LINEA DE DECARGAS SANITARIAS,18170.35
0000000986,0000000129,17,SUMINISTROS REPOSICION Y/O REHABILITACION DE LINEA DE DECARGAS SANITARIAS,68345.54
0000000987,0000000129,18,PRELIMINARES REPOSICION Y/O REHABILITACION DE LINEA DE REJILLAS PLUVIALES,1569.58
0000000988,0000000129,19,RELLENOS Y ACARREOS REPOSICION Y/O REHABILITACION DE LINEA DE REJILLAS PLUVIALES,6939.33
0000000989,0000000129,20,MANO DE OBRA REPOSICION Y/O REHABILITACION DE LINEA DE REJILLAS PLUVIALES,26499.31
0000000990,0000000129,21,SUMINISTROS REPOSICION Y/O REHABILITACION DE LINEA DE REJILLAS PLUVIALES,32453.00
0000000991,0000000129,22,PRELIMINARES DE ARROYO Y GUARNICIONES,324554.20
0000000992,0000000129,23,ACARREOS EN CAMION DE ARROYO Y GUARNICIONES,235995.01
0000000993,0000000129,24,BASES Y SUB-BASES DE ARROYO Y GUARNICIONES,462428.65
0000000994,0000000129,25,PAVIMENTOS DE ARROYO Y GUARNICIONES,1439571.01
0000000995,0000000129,26,LIMPIEZA DE OBRA DE ARROYO Y GUARNICIONES,11643.06
0000000996,0000000129,27,PRELIMINARES DE BANQUETAS,43833.39
0000000997,0000000129,28,ACARREOS DE BANQUETAS,6960.55
0000000998,0000000129,29,BASES DE BANQUETAS,41911.53
0000000999,0000000129,30,PAVIMENTOS DE BANQUETAS,712447.60
0000001000,0000000129,31,SELLADO DE JUNTA DE BANQUETAS,19168.66
0000001001,0000000129,32,LIMPIEZA DE OBRA DE BANQUETAS,4987.30
0000001002,0000000129,33,SEÑALAMIENTO OPERATIVO,22476.16
0000001003,0000000129,34,RED SUBTERRANEA DE ALUMBRADO PUBLICO,680771.87
0000001004,0000000129,35,PREPARACION PARA EQUIPO DE MEDICION Y CONTROL DE ALUMBRADO EN BAJA TENSIÓN,2091.89
0000001005,0000000129,36,ADECUACIONES A RED AÈREA EN MEDIA TENSIÒN (SOBRE CALLE IGNACIO ALTAMIRANO Y DÌAZ MIRÒN),18331.10
0000001006,0000000129,37,RED SUBTERRÀNEA EN MEDIA TENSIÒN (200A),639861.07
0000001007,0000000129,38,"RED SUBTERRÀNEA EN MEDIA TENSIÒN (600A, SÒLO OBRA CIVIL))",38505.24
0000001008,0000000129,39,TRANSICIONES AEREO-SUBTERRÀNEO EN MEDIA TENSIÒN (1 EN LA ESQ. DE ALTAMIRANO CON DÌAZ MIRÒN),47172.38
0000001009,0000000129,40,RED SUBTERRÀNEA EN BAJA TENSIÒN,473433.38
0000001010,0000000129,41,ACOMETIDAS SUBTERRÀNEAS EN BAJA TENSIÒN (CON CANALIZACIÒN APARENTE),418334.94
0000001011,0000000129,42,TRAMITES Y PAGOS ANTE CFE,172310.36
0000001012,0000000129,43,DESMANTELAMIENTO DE RED DE ALUMBRADO PÙBLICO Y CFE EN BAJA Y MEDIA TENSIÒN CALLE ROSAS MORENO A CALLE DÌAZ MIRÒN,26717.42
0000001013,0000000129,44,DESMANTELAMIENTO DE RED DE ALUMBRADO PÙBLICO Y CFE EN BAJA Y MEDIA TENSIÒN DE CALLE DÌAZ MIRÒN A CALLE 5 DE FEBRERO,51839.60
0000001014,0000000129,45,DESMANTELAMIENTO DE RED DE ALUMBRADO PÙBLICO Y CFE EN BAJA Y MEDIA TENSIÒN CALLE VICENTE GUERRERO (DE ROSAS MORENO A DÌAZ MIRÒN),24382.77
0000001015,0000000129,46,DESMANTELAMIENTO DE RED DE ALUMBRADO PÙBLICO Y CFE EN BAJA Y MEDIA TENSIÒN CALLE DÌAZ MIRÒN (DE VICENTE GUERRERO A IGNACIO ALTAMIRANO),24216.40
0000001016,0000000129,47,OBRA DE TELEFONIA CANALIZACION ALIGERADA HORIZONTAL 2H4 PRELIMINARES,2644.85
0000001017,0000000129,48,OBRA DE TELEFONIA CANALIZACION ALIGERADA HORIZONTAL 2H4 DEMOLICIONES,847.96
0000001018,0000000129,49,OBRA DE TELEFONIA CANALIZACION ALIGERADA HORIZONTAL 2H4 ACARREOS,275.21
0000001019,0000000129,50,OBRA DE TELEFONIA CANALIZACION ALIGERADA HORIZONTAL 3H4 PRELIMINARES,9315.41
0000001020,0000000129,51,OBRA DE TELEFONIA CANALIZACION ALIGERADA HORIZONTAL 3H4 DEMOLICIONES,2844.05
0000001021,0000000129,52,OBRA DE TELEFONIA CANALIZACION ALIGERADA HORIZONTAL 3H4 ACARREOS,1031.38
0000001022,0000000129,53,OBRA DE TELEFONIA CANALIZACION ALIGERADA HORIZONTAL 4H8 PRELIMINARES,4780.46
0000001023,0000000129,54,OBRA DE TELEFONIA CANALIZACION ALIGERADA HORIZONTAL 4H8 DEMOLICIONES,1459.25
0000001024,0000000129,55,OBRA DE TELEFONIA CANALIZACION ALIGERADA HORIZONTAL 4H8 ACARREOS,552.75
0000001025,0000000129,56,OBRA DE TELEFONIA CANALIZACION ALIGERADA HORIZONTAL 5H4 PRELIMINARES,81071.34
0000001026,0000000129,57,OBRA DE TELEFONIA CANALIZACION ALIGERADA HORIZONTAL 5H4 DEMOLICIONES,24746.12
0000001027,0000000129,58,OBRA DE TELEFONIA CANALIZACION ALIGERADA HORIZONTAL 5H4 ACARREOS,9372.20
0000001028,0000000129,59,OBRA DE TELEFONIA CANALIZACION ALIGERADA HORIZONTAL 7H4 TUBERIA,264897.87
0000001029,0000000129,60,OBRA DE TELEFONIA CANALIZACION ALIGERADA HORIZONTAL 7H4 REGISTROS,227586.21
0000001030,0000000130,1,PRELIMINARES,228936.74
0000001031,0000000130,2,PAVIMENTOS,683055.28
0000001032,0000000130,3,ACARREOS,244398.66
0000001033,0000000130,4,SEÑALAMIENTO HORIZONTAL Y VERTICAL,215260.12
0000001034,0000000130,5,SEÑALAMIENTO DE PROTECCION DE OBRA,85635.77
